1
200 20100
1 1 -3552876
1 2 18760
1 3 9112
1 4 22110
1 5 21306
1 6 25192
1 7 19966
1 8 24522
1 9 1608
1 10 6566
1 11 32294
1 12 15276
1 13 15946
1 14 7236
1 15 1608
1 16 27738
1 17 25326
1 18 23450
1 19 23450
1 20 6432
1 21 17688
1 22 32964
1 23 28944
1 24 25594
1 25 7504
1 26 12462
1 27 14740
1 28 32428
1 29 31088
1 30 6566
1 31 20100
1 32 27202
1 33 22512
1 34 7236
1 35 25862
1 36 32160
1 37 29480
1 38 21306
1 39 9112
1 40 9380
1 41 6566
1 42 32830
1 43 19832
1 44 15544
1 45 9246
1 46 21842
1 47 19162
1 48 8174
1 49 11122
1 50 27336
1 51 12596
1 52 15142
1 53 24656
1 54 19698
1 55 9380
1 56 11926
1 57 18626
1 58 15678
1 59 15276
1 60 19430
1 61 15410
1 62 8844
1 63 28542
1 64 8710
1 65 20234
1 66 26666
1 67 12328
1 68 21172
1 69 22780
1 70 1742
1 71 16080
1 72 18626
1 73 12194
1 74 23584
1 75 10184
1 76 15276
1 77 10988
1 78 16482
1 79 11122
1 80 31758
1 81 10988
1 82 19296
1 83 26398
1 84 22244
1 85 28810
1 86 29480
1 87 6298
1 88 26398
1 89 25460
1 90 17554
1 91 19028
1 92 31758
1 93 22914
1 94 25728
1 95 23718
1 96 13132
1 97 19162
1 98 31088
1 99 8844
1 100 23182
1 101 13534
1 102 29212
1 103 31624
1 104 29480
1 105 16348
1 106 31624
1 107 9782
1 108 536
1 109 5092
1 110 15410
1 111 32428
1 112 5360
1 113 4422
1 114 13668
1 115 12060
1 116 536
1 117 18894
1 118 6298
1 119 18760
1 120 2546
1 121 7906
1 122 2412
1 123 18626
1 124 26800
1 125 30552
1 126 12060
1 127 4958
1 128 14338
1 129 8308
1 130 33500
1 131 29346
1 132 33634
1 133 13400
1 134 3350
1 135 17554
1 136 30150
1 137 2144
1 138 11926
1 139 9112
1 140 16750
1 141 22646
1 142 22512
1 143 19832
1 144 27604
1 145 14338
1 146 27872
1 147 23584
1 148 13936
1 149 28006
1 150 32696
1 151 9112
1 152 25192
1 153 31356
1 154 28944
1 155 23048
1 156 33366
1 157 17152
1 158 22378
1 159 10988
1 160 6164
1 161 7504
1 162 3484
1 163 15812
1 164 21440
1 165 26130
1 166 3752
1 167 6700
1 168 21842
1 169 25058
1 170 32160
1 171 10050
1 172 14472
1 173 31624
1 174 2814
1 175 670
1 176 6968
1 177 30150
1 178 6298
1 179 28274
1 180 20904
1 181 30418
1 182 26800
1 183 11658
1 184 16884
1 185 19296
1 186 3082
1 187 2278
1 188 28810
1 189 30552
1 190 13266
1 191 17018
1 192 11658
1 193 22378
1 194 20368
1 195 6834
1 196 24656
1 197 11122
1 198 27470
1 199 5628
1 200 938
2 2 -3711120
2 3 9520
2 4 23100
2 5 22260
2 6 26320
2 7 20860
2 8 25620
2 9 1680
2 10 6860
2 11 33740
2 12 15960
2 13 16660
2 14 7560
2 15 1680
2 16 28980
2 17 26460
2 18 24500
2 19 24500
2 20 6720
2 21 18480
2 22 34440
2 23 30240
2 24 26740
2 25 7840
2 26 13020
2 27 15400
2 28 33880
2 29 32480
2 30 6860
2 31 21000
2 32 28420
2 33 23520
2 34 7560
2 35 27020
2 36 33600
2 37 30800
2 38 22260
2 39 9520
2 40 9800
2 41 6860
2 42 34300
2 43 20720
2 44 16240
2 45 9660
2 46 22820
2 47 20020
2 48 8540
2 49 11620
2 50 28560
2 51 13160
2 52 15820
2 53 25760
2 54 20580
2 55 9800
2 56 12460
2 57 19460
2 58 16380
2 59 15960
2 60 20300
2 61 16100
2 62 9240
2 63 29820
2 64 9100
2 65 21140
2 66 27860
2 67 12880
2 68 22120
2 69 23800
2 70 1820
2 71 16800
2 72 19460
2 73 12740
2 74 24640
2 75 10640
2 76 15960
2 77 11480
2 78 17220
2 79 11620
2 80 33180
2 81 11480
2 82 20160
2 83 27580
2 84 23240
2 85 30100
2 86 30800
2 87 6580
2 88 27580
2 89 26600
2 90 18340
2 91 19880
2 92 33180
2 93 23940
2 94 26880
2 95 24780
2 96 13720
2 97 20020
2 98 32480
2 99 9240
2 100 24220
2 101 14140
2 102 30520
2 103 33040
2 104 30800
2 105 17080
2 106 33040
2 107 10220
2 108 560
2 109 5320
2 110 16100
2 111 33880
2 112 5600
2 113 4620
2 114 14280
2 115 12600
2 116 560
2 117 19740
2 118 6580
2 119 19600
2 120 2660
2 121 8260
2 122 2520
2 123 19460
2 124 28000
2 125 31920
2 126 12600
2 127 5180
2 128 14980
2 129 8680
2 130 35000
2 131 30660
2 132 35140
2 133 14000
2 134 3500
2 135 18340
2 136 31500
2 137 2240
2 138 12460
2 139 9520
2 140 17500
2 141 23660
2 142 23520
2 143 20720
2 144 28840
2 145 14980
2 146 29120
2 147 24640
2 148 14560
2 149 29260
2 150 34160
2 151 9520
2 152 26320
2 153 32760
2 154 30240
2 155 24080
2 156 34860
2 157 17920
2 158 23380
2 159 11480
2 160 6440
2 161 7840
2 162 3640
2 163 16520
2 164 22400
2 165 27300
2 166 3920
2 167 7000
2 168 22820
2 169 26180
2 170 33600
2 171 10500
2 172 15120
2 173 33040
2 174 2940
2 175 700
2 176 7280
2 177 31500
2 178 6580
2 179 29540
2 180 21840
2 181 31780
2 182 28000
2 183 12180
2 184 17640
2 185 20160
2 186 3220
2 187 2380
2 188 30100
2 189 31920
2 190 13860
2 191 17780
2 192 12180
2 193 23380
2 194 21280
2 195 7140
2 196 25760
2 197 11620
2 198 28700
2 199 5880
2 200 980
3 3 -1807440
3 4 11220
3 5 10812
3 6 12784
3 7 10132
3 8 12444
3 9 816
3 10 3332
3 11 16388
3 12 7752
3 13 8092
3 14 3672
3 15 816
3 16 14076
3 17 12852
3 18 11900
3 19 11900
3 20 3264
3 21 8976
3 22 16728
3 23 14688
3 24 12988
3 25 3808
3 26 6324
3 27 7480
3 28 16456
3 29 15776
3 30 3332
3 31 10200
3 32 13804
3 33 11424
3 34 3672
3 35 13124
3 36 16320
3 37 14960
3 38 10812
3 39 4624
3 40 4760
3 41 3332
3 42 16660
3 43 10064
3 44 7888
3 45 4692
3 46 11084
3 47 9724
3 48 4148
3 49 5644
3 50 13872
3 51 6392
3 52 7684
3 53 12512
3 54 9996
3 55 4760
3 56 6052
3 57 9452
3 58 7956
3 59 7752
3 60 9860
3 61 7820
3 62 4488
3 63 14484
3 64 4420
3 65 10268
3 66 13532
3 67 6256
3 68 10744
3 69 11560
3 70 884
3 71 8160
3 72 9452
3 73 6188
3 74 11968
3 75 5168
3 76 7752
3 77 5576
3 78 8364
3 79 5644
3 80 16116
3 81 5576
3 82 9792
3 83 13396
3 84 11288
3 85 14620
3 86 14960
3 87 3196
3 88 13396
3 89 12920
3 90 8908
3 91 9656
3 92 16116
3 93 11628
3 94 13056
3 95 12036
3 96 6664
3 97 9724
3 98 15776
3 99 4488
3 100 11764
3 101 6868
3 102 14824
3 103 16048
3 104 14960
3 105 8296
3 106 16048
3 107 4964
3 108 272
3 109 2584
3 110 7820
3 111 16456
3 112 2720
3 113 2244
3 114 6936
3 115 6120
3 116 272
3 117 9588
3 118 3196
3 119 9520
3 120 1292
3 121 4012
3 122 1224
3 123 9452
3 124 13600
3 125 15504
3 126 6120
3 127 2516
3 128 7276
3 129 4216
3 130 17000
3 131 14892
3 132 17068
3 133 6800
3 134 1700
3 135 8908
3 136 15300
3 137 1088
3 138 6052
3 139 4624
3 140 8500
3 141 11492
3 142 11424
3 143 10064
3 144 14008
3 145 7276
3 146 14144
3 147 11968
3 148 7072
3 149 14212
3 150 16592
3 151 4624
3 152 12784
3 153 15912
3 154 14688
3 155 11696
3 156 16932
3 157 8704
3 158 11356
3 159 5576
3 160 3128
3 161 3808
3 162 1768
3 163 8024
3 164 10880
3 165 13260
3 166 1904
3 167 3400
3 168 11084
3 169 12716
3 170 16320
3 171 5100
3 172 7344
3 173 16048
3 174 1428
3 175 340
3 176 3536
3 177 15300
3 178 3196
3 179 14348
3 180 10608
3 181 15436
3 182 13600
3 183 5916
3 184 8568
3 185 9792
3 186 1564
3 187 1156
3 188 14620
3 189 15504
3 190 6732
3 191 8636
3 192 5916
3 193 11356
3 194 10336
3 195 3468
3 196 12512
3 197 5644
3 198 13940
3 199 2856
3 200 476
4 4 -4369695
4 5 26235
4 6 31020
4 7 24585
4 8 30195
4 9 1980
4 10 8085
4 11 39765
4 12 18810
4 13 19635
4 14 8910
4 15 1980
4 16 34155
4 17 31185
4 18 28875
4 19 28875
4 20 7920
4 21 21780
4 22 40590
4 23 35640
4 24 31515
4 25 9240
4 26 15345
4 27 18150
4 28 39930
4 29 38280
4 30 8085
4 31 24750
4 32 33495
4 33 27720
4 34 8910
4 35 31845
4 36 39600
4 37 36300
4 38 26235
4 39 11220
4 40 11550
4 41 8085
4 42 40425
4 43 24420
4 44 19140
4 45 11385
4 46 26895
4 47 23595
4 48 10065
4 49 13695
4 50 33660
4 51 15510
4 52 18645
4 53 30360
4 54 24255
4 55 11550
4 56 14685
4 57 22935
4 58 19305
4 59 18810
4 60 23925
4 61 18975
4 62 10890
4 63 35145
4 64 10725
4 65 24915
4 66 32835
4 67 15180
4 68 26070
4 69 28050
4 70 2145
4 71 19800
4 72 22935
4 73 15015
4 74 29040
4 75 12540
4 76 18810
4 77 13530
4 78 20295
4 79 13695
4 80 39105
4 81 13530
4 82 23760
4 83 32505
4 84 27390
4 85 35475
4 86 36300
4 87 7755
4 88 32505
4 89 31350
4 90 21615
4 91 23430
4 92 39105
4 93 28215
4 94 31680
4 95 29205
4 96 16170
4 97 23595
4 98 38280
4 99 10890
4 100 28545
4 101 16665
4 102 35970
4 103 38940
4 104 36300
4 105 20130
4 106 38940
4 107 12045
4 108 660
4 109 6270
4 110 18975
4 111 39930
4 112 6600
4 113 5445
4 114 16830
4 115 14850
4 116 660
4 117 23265
4 118 7755
4 119 23100
4 120 3135
4 121 9735
4 122 2970
4 123 22935
4 124 33000
4 125 37620
4 126 14850
4 127 6105
4 128 17655
4 129 10230
4 130 41250
4 131 36135
4 132 41415
4 133 16500
4 134 4125
4 135 21615
4 136 37125
4 137 2640
4 138 14685
4 139 11220
4 140 20625
4 141 27885
4 142 27720
4 143 24420
4 144 33990
4 145 17655
4 146 34320
4 147 29040
4 148 17160
4 149 34485
4 150 40260
4 151 11220
4 152 31020
4 153 38610
4 154 35640
4 155 28380
4 156 41085
4 157 21120
4 158 27555
4 159 13530
4 160 7590
4 161 9240
4 162 4290
4 163 19470
4 164 26400
4 165 32175
4 166 4620
4 167 8250
4 168 26895
4 169 30855
4 170 39600
4 171 12375
4 172 17820
4 173 38940
4 174 3465
4 175 825
4 176 8580
4 177 37125
4 178 7755
4 179 34815
4 180 25740
4 181 37455
4 182 33000
4 183 14355
4 184 20790
4 185 23760
4 186 3795
4 187 2805
4 188 35475
4 189 37620
4 190 16335
4 191 20955
4 192 14355
4 193 27555
4 194 25080
4 195 8415
4 196 30360
4 197 13695
4 198 33825
4 199 6930
4 200 1155
5 5 -4211751
5 6 29892
5 7 23691
5 8 29097
5 9 1908
5 10 7791
5 11 38319
5 12 18126
5 13 18921
5 14 8586
5 15 1908
5 16 32913
5 17 30051
5 18 27825
5 19 27825
5 20 7632
5 21 20988
5 22 39114
5 23 34344
5 24 30369
5 25 8904
5 26 14787
5 27 17490
5 28 38478
5 29 36888
5 30 7791
5 31 23850
5 32 32277
5 33 26712
5 34 8586
5 35 30687
5 36 38160
5 37 34980
5 38 25281
5 39 10812
5 40 11130
5 41 7791
5 42 38955
5 43 23532
5 44 18444
5 45 10971
5 46 25917
5 47 22737
5 48 9699
5 49 13197
5 50 32436
5 51 14946
5 52 17967
5 53 29256
5 54 23373
5 55 11130
5 56 14151
5 57 22101
5 58 18603
5 59 18126
5 60 23055
5 61 18285
5 62 10494
5 63 33867
5 64 10335
5 65 24009
5 66 31641
5 67 14628
5 68 25122
5 69 27030
5 70 2067
5 71 19080
5 72 22101
5 73 14469
5 74 27984
5 75 12084
5 76 18126
5 77 13038
5 78 19557
5 79 13197
5 80 37683
5 81 13038
5 82 22896
5 83 31323
5 84 26394
5 85 34185
5 86 34980
5 87 7473
5 88 31323
5 89 30210
5 90 20829
5 91 22578
5 92 37683
5 93 27189
5 94 30528
5 95 28143
5 96 15582
5 97 22737
5 98 36888
5 99 10494
5 100 27507
5 101 16059
5 102 34662
5 103 37524
5 104 34980
5 105 19398
5 106 37524
5 107 11607
5 108 636
5 109 6042
5 110 18285
5 111 38478
5 112 6360
5 113 5247
5 114 16218
5 115 14310
5 116 636
5 117 22419
5 118 7473
5 119 22260
5 120 3021
5 121 9381
5 122 2862
5 123 22101
5 124 31800
5 125 36252
5 126 14310
5 127 5883
5 128 17013
5 129 9858
5 130 39750
5 131 34821
5 132 39909
5 133 15900
5 134 3975
5 135 20829
5 136 35775
5 137 2544
5 138 14151
5 139 10812
5 140 19875
5 141 26871
5 142 26712
5 143 23532
5 144 32754
5 145 17013
5 146 33072
5 147 27984
5 148 16536
5 149 33231
5 150 38796
5 151 10812
5 152 29892
5 153 37206
5 154 34344
5 155 27348
5 156 39591
5 157 20352
5 158 26553
5 159 13038
5 160 7314
5 161 8904
5 162 4134
5 163 18762
5 164 25440
5 165 31005
5 166 4452
5 167 7950
5 168 25917
5 169 29733
5 170 38160
5 171 11925
5 172 17172
5 173 37524
5 174 3339
5 175 795
5 176 8268
5 177 35775
5 178 7473
5 179 33549
5 180 24804
5 181 36093
5 182 31800
5 183 13833
5 184 20034
5 185 22896
5 186 3657
5 187 2703
5 188 34185
5 189 36252
5 190 15741
5 191 20193
5 192 13833
5 193 26553
5 194 24168
5 195 8109
5 196 29256
5 197 13197
5 198 32595
5 199 6678
5 200 1113
6 6 -4974480
6 7 28012
6 8 34404
6 9 2256
6 10 9212
6 11 45308
6 12 21432
6 13 22372
6 14 10152
6 15 2256
6 16 38916
6 17 35532
6 18 32900
6 19 32900
6 20 9024
6 21 24816
6 22 46248
6 23 40608
6 24 35908
6 25 10528
6 26 17484
6 27 20680
6 28 45496
6 29 43616
6 30 9212
6 31 28200
6 32 38164
6 33 31584
6 34 10152
6 35 36284
6 36 45120
6 37 41360
6 38 29892
6 39 12784
6 40 13160
6 41 9212
6 42 46060
6 43 27824
6 44 21808
6 45 12972
6 46 30644
6 47 26884
6 48 11468
6 49 15604
6 50 38352
6 51 17672
6 52 21244
6 53 34592
6 54 27636
6 55 13160
6 56 16732
6 57 26132
6 58 21996
6 59 21432
6 60 27260
6 61 21620
6 62 12408
6 63 40044
6 64 12220
6 65 28388
6 66 37412
6 67 17296
6 68 29704
6 69 31960
6 70 2444
6 71 22560
6 72 26132
6 73 17108
6 74 33088
6 75 14288
6 76 21432
6 77 15416
6 78 23124
6 79 15604
6 80 44556
6 81 15416
6 82 27072
6 83 37036
6 84 31208
6 85 40420
6 86 41360
6 87 8836
6 88 37036
6 89 35720
6 90 24628
6 91 26696
6 92 44556
6 93 32148
6 94 36096
6 95 33276
6 96 18424
6 97 26884
6 98 43616
6 99 12408
6 100 32524
6 101 18988
6 102 40984
6 103 44368
6 104 41360
6 105 22936
6 106 44368
6 107 13724
6 108 752
6 109 7144
6 110 21620
6 111 45496
6 112 7520
6 113 6204
6 114 19176
6 115 16920
6 116 752
6 117 26508
6 118 8836
6 119 26320
6 120 3572
6 121 11092
6 122 3384
6 123 26132
6 124 37600
6 125 42864
6 126 16920
6 127 6956
6 128 20116
6 129 11656
6 130 47000
6 131 41172
6 132 47188
6 133 18800
6 134 4700
6 135 24628
6 136 42300
6 137 3008
6 138 16732
6 139 12784
6 140 23500
6 141 31772
6 142 31584
6 143 27824
6 144 38728
6 145 20116
6 146 39104
6 147 33088
6 148 19552
6 149 39292
6 150 45872
6 151 12784
6 152 35344
6 153 43992
6 154 40608
6 155 32336
6 156 46812
6 157 24064
6 158 31396
6 159 15416
6 160 8648
6 161 10528
6 162 4888
6 163 22184
6 164 30080
6 165 36660
6 166 5264
6 167 9400
6 168 30644
6 169 35156
6 170 45120
6 171 14100
6 172 20304
6 173 44368
6 174 3948
6 175 940
6 176 9776
6 177 42300
6 178 8836
6 179 39668
6 180 29328
6 181 42676
6 182 37600
6 183 16356
6 184 23688
6 185 27072
6 186 4324
6 187 3196
6 188 40420
6 189 42864
6 190 18612
6 191 23876
6 192 16356
6 193 31396
6 194 28576
6 195 9588
6 196 34592
6 197 15604
6 198 38540
6 199 7896
6 200 1316
7 7 -3948351
7 8 27267
7 9 1788
7 10 7301
7 11 35909
7 12 16986
7 13 17731
7 14 8046
7 15 1788
7 16 30843
7 17 28161
7 18 26075
7 19 26075
7 20 7152
7 21 19668
7 22 36654
7 23 32184
7 24 28459
7 25 8344
7 26 13857
7 27 16390
7 28 36058
7 29 34568
7 30 7301
7 31 22350
7 32 30247
7 33 25032
7 34 8046
7 35 28757
7 36 35760
7 37 32780
7 38 23691
7 39 10132
7 40 10430
7 41 7301
7 42 36505
7 43 22052
7 44 17284
7 45 10281
7 46 24287
7 47 21307
7 48 9089
7 49 12367
7 50 30396
7 51 14006
7 52 16837
7 53 27416
7 54 21903
7 55 10430
7 56 13261
7 57 20711
7 58 17433
7 59 16986
7 60 21605
7 61 17135
7 62 9834
7 63 31737
7 64 9685
7 65 22499
7 66 29651
7 67 13708
7 68 23542
7 69 25330
7 70 1937
7 71 17880
7 72 20711
7 73 13559
7 74 26224
7 75 11324
7 76 16986
7 77 12218
7 78 18327
7 79 12367
7 80 35313
7 81 12218
7 82 21456
7 83 29353
7 84 24734
7 85 32035
7 86 32780
7 87 7003
7 88 29353
7 89 28310
7 90 19519
7 91 21158
7 92 35313
7 93 25479
7 94 28608
7 95 26373
7 96 14602
7 97 21307
7 98 34568
7 99 9834
7 100 25777
7 101 15049
7 102 32482
7 103 35164
7 104 32780
7 105 18178
7 106 35164
7 107 10877
7 108 596
7 109 5662
7 110 17135
7 111 36058
7 112 5960
7 113 4917
7 114 15198
7 115 13410
7 116 596
7 117 21009
7 118 7003
7 119 20860
7 120 2831
7 121 8791
7 122 2682
7 123 20711
7 124 29800
7 125 33972
7 126 13410
7 127 5513
7 128 15943
7 129 9238
7 130 37250
7 131 32631
7 132 37399
7 133 14900
7 134 3725
7 135 19519
7 136 33525
7 137 2384
7 138 13261
7 139 10132
7 140 18625
7 141 25181
7 142 25032
7 143 22052
7 144 30694
7 145 15943
7 146 30992
7 147 26224
7 148 15496
7 149 31141
7 150 36356
7 151 10132
7 152 28012
7 153 34866
7 154 32184
7 155 25628
7 156 37101
7 157 19072
7 158 24883
7 159 12218
7 160 6854
7 161 8344
7 162 3874
7 163 17582
7 164 23840
7 165 29055
7 166 4172
7 167 7450
7 168 24287
7 169 27863
7 170 35760
7 171 11175
7 172 16092
7 173 35164
7 174 3129
7 175 745
7 176 7748
7 177 33525
7 178 7003
7 179 31439
7 180 23244
7 181 33823
7 182 29800
7 183 12963
7 184 18774
7 185 21456
7 186 3427
7 187 2533
7 188 32035
7 189 33972
7 190 14751
7 191 18923
7 192 12963
7 193 24883
7 194 22648
7 195 7599
7 196 27416
7 197 12367
7 198 30545
7 199 6258
7 200 1043
8 8 -4843095
8 9 2196
8 10 8967
8 11 44103
8 12 20862
8 13 21777
8 14 9882
8 15 2196
8 16 37881
8 17 34587
8 18 32025
8 19 32025
8 20 8784
8 21 24156
8 22 45018
8 23 39528
8 24 34953
8 25 10248
8 26 17019
8 27 20130
8 28 44286
8 29 42456
8 30 8967
8 31 27450
8 32 37149
8 33 30744
8 34 9882
8 35 35319
8 36 43920
8 37 40260
8 38 29097
8 39 12444
8 40 12810
8 41 8967
8 42 44835
8 43 27084
8 44 21228
8 45 12627
8 46 29829
8 47 26169
8 48 11163
8 49 15189
8 50 37332
8 51 17202
8 52 20679
8 53 33672
8 54 26901
8 55 12810
8 56 16287
8 57 25437
8 58 21411
8 59 20862
8 60 26535
8 61 21045
8 62 12078
8 63 38979
8 64 11895
8 65 27633
8 66 36417
8 67 16836
8 68 28914
8 69 31110
8 70 2379
8 71 21960
8 72 25437
8 73 16653
8 74 32208
8 75 13908
8 76 20862
8 77 15006
8 78 22509
8 79 15189
8 80 43371
8 81 15006
8 82 26352
8 83 36051
8 84 30378
8 85 39345
8 86 40260
8 87 8601
8 88 36051
8 89 34770
8 90 23973
8 91 25986
8 92 43371
8 93 31293
8 94 35136
8 95 32391
8 96 17934
8 97 26169
8 98 42456
8 99 12078
8 100 31659
8 101 18483
8 102 39894
8 103 43188
8 104 40260
8 105 22326
8 106 43188
8 107 13359
8 108 732
8 109 6954
8 110 21045
8 111 44286
8 112 7320
8 113 6039
8 114 18666
8 115 16470
8 116 732
8 117 25803
8 118 8601
8 119 25620
8 120 3477
8 121 10797
8 122 3294
8 123 25437
8 124 36600
8 125 41724
8 126 16470
8 127 6771
8 128 19581
8 129 11346
8 130 45750
8 131 40077
8 132 45933
8 133 18300
8 134 4575
8 135 23973
8 136 41175
8 137 2928
8 138 16287
8 139 12444
8 140 22875
8 141 30927
8 142 30744
8 143 27084
8 144 37698
8 145 19581
8 146 38064
8 147 32208
8 148 19032
8 149 38247
8 150 44652
8 151 12444
8 152 34404
8 153 42822
8 154 39528
8 155 31476
8 156 45567
8 157 23424
8 158 30561
8 159 15006
8 160 8418
8 161 10248
8 162 4758
8 163 21594
8 164 29280
8 165 35685
8 166 5124
8 167 9150
8 168 29829
8 169 34221
8 170 43920
8 171 13725
8 172 19764
8 173 43188
8 174 3843
8 175 915
8 176 9516
8 177 41175
8 178 8601
8 179 38613
8 180 28548
8 181 41541
8 182 36600
8 183 15921
8 184 23058
8 185 26352
8 186 4209
8 187 3111
8 188 39345
8 189 41724
8 190 18117
8 191 23241
8 192 15921
8 193 30561
8 194 27816
8 195 9333
8 196 33672
8 197 15189
8 198 37515
8 199 7686
8 200 1281
9 9 -319632
9 10 588
9 11 2892
9 12 1368
9 13 1428
9 14 648
9 15 144
9 16 2484
9 17 2268
9 18 2100
9 19 2100
9 20 576
9 21 1584
9 22 2952
9 23 2592
9 24 2292
9 25 672
9 26 1116
9 27 1320
9 28 2904
9 29 2784
9 30 588
9 31 1800
9 32 2436
9 33 2016
9 34 648
9 35 2316
9 36 2880
9 37 2640
9 38 1908
9 39 816
9 40 840
9 41 588
9 42 2940
9 43 1776
9 44 1392
9 45 828
9 46 1956
9 47 1716
9 48 732
9 49 996
9 50 2448
9 51 1128
9 52 1356
9 53 2208
9 54 1764
9 55 840
9 56 1068
9 57 1668
9 58 1404
9 59 1368
9 60 1740
9 61 1380
9 62 792
9 63 2556
9 64 780
9 65 1812
9 66 2388
9 67 1104
9 68 1896
9 69 2040
9 70 156
9 71 1440
9 72 1668
9 73 1092
9 74 2112
9 75 912
9 76 1368
9 77 984
9 78 1476
9 79 996
9 80 2844
9 81 984
9 82 1728
9 83 2364
9 84 1992
9 85 2580
9 86 2640
9 87 564
9 88 2364
9 89 2280
9 90 1572
9 91 1704
9 92 2844
9 93 2052
9 94 2304
9 95 2124
9 96 1176
9 97 1716
9 98 2784
9 99 792
9 100 2076
9 101 1212
9 102 2616
9 103 2832
9 104 2640
9 105 1464
9 106 2832
9 107 876
9 108 48
9 109 456
9 110 1380
9 111 2904
9 112 480
9 113 396
9 114 1224
9 115 1080
9 116 48
9 117 1692
9 118 564
9 119 1680
9 120 228
9 121 708
9 122 216
9 123 1668
9 124 2400
9 125 2736
9 126 1080
9 127 444
9 128 1284
9 129 744
9 130 3000
9 131 2628
9 132 3012
9 133 1200
9 134 300
9 135 1572
9 136 2700
9 137 192
9 138 1068
9 139 816
9 140 1500
9 141 2028
9 142 2016
9 143 1776
9 144 2472
9 145 1284
9 146 2496
9 147 2112
9 148 1248
9 149 2508
9 150 2928
9 151 816
9 152 2256
9 153 2808
9 154 2592
9 155 2064
9 156 2988
9 157 1536
9 158 2004
9 159 984
9 160 552
9 161 672
9 162 312
9 163 1416
9 164 1920
9 165 2340
9 166 336
9 167 600
9 168 1956
9 169 2244
9 170 2880
9 171 900
9 172 1296
9 173 2832
9 174 252
9 175 60
9 176 624
9 177 2700
9 178 564
9 179 2532
9 180 1872
9 181 2724
9 182 2400
9 183 1044
9 184 1512
9 185 1728
9 186 276
9 187 204
9 188 2580
9 189 2736
9 190 1188
9 191 1524
9 192 1044
9 193 2004
9 194 1824
9 195 612
9 196 2208
9 197 996
9 198 2460
9 199 504
9 200 84
10 10 -1303351
10 11 11809
10 12 5586
10 13 5831
10 14 2646
10 15 588
10 16 10143
10 17 9261
10 18 8575
10 19 8575
10 20 2352
10 21 6468
10 22 12054
10 23 10584
10 24 9359
10 25 2744
10 26 4557
10 27 5390
10 28 11858
10 29 11368
10 30 2401
10 31 7350
10 32 9947
10 33 8232
10 34 2646
10 35 9457
10 36 11760
10 37 10780
10 38 7791
10 39 3332
10 40 3430
10 41 2401
10 42 12005
10 43 7252
10 44 5684
10 45 3381
10 46 7987
10 47 7007
10 48 2989
10 49 4067
10 50 9996
10 51 4606
10 52 5537
10 53 9016
10 54 7203
10 55 3430
10 56 4361
10 57 6811
10 58 5733
10 59 5586
10 60 7105
10 61 5635
10 62 3234
10 63 10437
10 64 3185
10 65 7399
10 66 9751
10 67 4508
10 68 7742
10 69 8330
10 70 637
10 71 5880
10 72 6811
10 73 4459
10 74 8624
10 75 3724
10 76 5586
10 77 4018
10 78 6027
10 79 4067
10 80 11613
10 81 4018
10 82 7056
10 83 9653
10 84 8134
10 85 10535
10 86 10780
10 87 2303
10 88 9653
10 89 9310
10 90 6419
10 91 6958
10 92 11613
10 93 8379
10 94 9408
10 95 8673
10 96 4802
10 97 7007
10 98 11368
10 99 3234
10 100 8477
10 101 4949
10 102 10682
10 103 11564
10 104 10780
10 105 5978
10 106 11564
10 107 3577
10 108 196
10 109 1862
10 110 5635
10 111 11858
10 112 1960
10 113 1617
10 114 4998
10 115 4410
10 116 196
10 117 6909
10 118 2303
10 119 6860
10 120 931
10 121 2891
10 122 882
10 123 6811
10 124 9800
10 125 11172
10 126 4410
10 127 1813
10 128 5243
10 129 3038
10 130 12250
10 131 10731
10 132 12299
10 133 4900
10 134 1225
10 135 6419
10 136 11025
10 137 784
10 138 4361
10 139 3332
10 140 6125
10 141 8281
10 142 8232
10 143 7252
10 144 10094
10 145 5243
10 146 10192
10 147 8624
10 148 5096
10 149 10241
10 150 11956
10 151 3332
10 152 9212
10 153 11466
10 154 10584
10 155 8428
10 156 12201
10 157 6272
10 158 8183
10 159 4018
10 160 2254
10 161 2744
10 162 1274
10 163 5782
10 164 7840
10 165 9555
10 166 1372
10 167 2450
10 168 7987
10 169 9163
10 170 11760
10 171 3675
10 172 5292
10 173 11564
10 174 1029
10 175 245
10 176 2548
10 177 11025
10 178 2303
10 179 10339
10 180 7644
10 181 11123
10 182 9800
10 183 4263
10 184 6174
10 185 7056
10 186 1127
10 187 833
10 188 10535
10 189 11172
10 190 4851
10 191 6223
10 192 4263
10 193 8183
10 194 7448
10 195 2499
10 196 9016
10 197 4067
10 198 10045
10 199 2058
10 200 343
11 11 -6364087
11 12 27474
11 13 28679
11 14 13014
11 15 2892
11 16 49887
11 17 45549
11 18 42175
11 19 42175
11 20 11568
11 21 31812
11 22 59286
11 23 52056
11 24 46031
11 25 13496
11 26 22413
11 27 26510
11 28 58322
11 29 55912
11 30 11809
11 31 36150
11 32 48923
11 33 40488
11 34 13014
11 35 46513
11 36 57840
11 37 53020
11 38 38319
11 39 16388
11 40 16870
11 41 11809
11 42 59045
11 43 35668
11 44 27956
11 45 16629
11 46 39283
11 47 34463
11 48 14701
11 49 20003
11 50 49164
11 51 22654
11 52 27233
11 53 44344
11 54 35427
11 55 16870
11 56 21449
11 57 33499
11 58 28197
11 59 27474
11 60 34945
11 61 27715
11 62 15906
11 63 51333
11 64 15665
11 65 36391
11 66 47959
11 67 22172
11 68 38078
11 69 40970
11 70 3133
11 71 28920
11 72 33499
11 73 21931
11 74 42416
11 75 18316
11 76 27474
11 77 19762
11 78 29643
11 79 20003
11 80 57117
11 81 19762
11 82 34704
11 83 47477
11 84 40006
11 85 51815
11 86 53020
11 87 11327
11 88 47477
11 89 45790
11 90 31571
11 91 34222
11 92 57117
11 93 41211
11 94 46272
11 95 42657
11 96 23618
11 97 34463
11 98 55912
11 99 15906
11 100 41693
11 101 24341
11 102 52538
11 103 56876
11 104 53020
11 105 29402
11 106 56876
11 107 17593
11 108 964
11 109 9158
11 110 27715
11 111 58322
11 112 9640
11 113 7953
11 114 24582
11 115 21690
11 116 964
11 117 33981
11 118 11327
11 119 33740
11 120 4579
11 121 14219
11 122 4338
11 123 33499
11 124 48200
11 125 54948
11 126 21690
11 127 8917
11 128 25787
11 129 14942
11 130 60250
11 131 52779
11 132 60491
11 133 24100
11 134 6025
11 135 31571
11 136 54225
11 137 3856
11 138 21449
11 139 16388
11 140 30125
11 141 40729
11 142 40488
11 143 35668
11 144 49646
11 145 25787
11 146 50128
11 147 42416
11 148 25064
11 149 50369
11 150 58804
11 151 16388
11 152 45308
11 153 56394
11 154 52056
11 155 41452
11 156 60009
11 157 30848
11 158 40247
11 159 19762
11 160 11086
11 161 13496
11 162 6266
11 163 28438
11 164 38560
11 165 46995
11 166 6748
11 167 12050
11 168 39283
11 169 45067
11 170 57840
11 171 18075
11 172 26028
11 173 56876
11 174 5061
11 175 1205
11 176 12532
11 177 54225
11 178 11327
11 179 50851
11 180 37596
11 181 54707
11 182 48200
11 183 20967
11 184 30366
11 185 34704
11 186 5543
11 187 4097
11 188 51815
11 189 54948
11 190 23859
11 191 30607
11 192 20967
11 193 40247
11 194 36632
11 195 12291
11 196 44344
11 197 20003
11 198 49405
11 199 10122
11 200 1687
12 12 -3024876
12 13 13566
12 14 6156
12 15 1368
12 16 23598
12 17 21546
12 18 19950
12 19 19950
12 20 5472
12 21 15048
12 22 28044
12 23 24624
12 24 21774
12 25 6384
12 26 10602
12 27 12540
12 28 27588
12 29 26448
12 30 5586
12 31 17100
12 32 23142
12 33 19152
12 34 6156
12 35 22002
12 36 27360
12 37 25080
12 38 18126
12 39 7752
12 40 7980
12 41 5586
12 42 27930
12 43 16872
12 44 13224
12 45 7866
12 46 18582
12 47 16302
12 48 6954
12 49 9462
12 50 23256
12 51 10716
12 52 12882
12 53 20976
12 54 16758
12 55 7980
12 56 10146
12 57 15846
12 58 13338
12 59 12996
12 60 16530
12 61 13110
12 62 7524
12 63 24282
12 64 7410
12 65 17214
12 66 22686
12 67 10488
12 68 18012
12 69 19380
12 70 1482
12 71 13680
12 72 15846
12 73 10374
12 74 20064
12 75 8664
12 76 12996
12 77 9348
12 78 14022
12 79 9462
12 80 27018
12 81 9348
12 82 16416
12 83 22458
12 84 18924
12 85 24510
12 86 25080
12 87 5358
12 88 22458
12 89 21660
12 90 14934
12 91 16188
12 92 27018
12 93 19494
12 94 21888
12 95 20178
12 96 11172
12 97 16302
12 98 26448
12 99 7524
12 100 19722
12 101 11514
12 102 24852
12 103 26904
12 104 25080
12 105 13908
12 106 26904
12 107 8322
12 108 456
12 109 4332
12 110 13110
12 111 27588
12 112 4560
12 113 3762
12 114 11628
12 115 10260
12 116 456
12 117 16074
12 118 5358
12 119 15960
12 120 2166
12 121 6726
12 122 2052
12 123 15846
12 124 22800
12 125 25992
12 126 10260
12 127 4218
12 128 12198
12 129 7068
12 130 28500
12 131 24966
12 132 28614
12 133 11400
12 134 2850
12 135 14934
12 136 25650
12 137 1824
12 138 10146
12 139 7752
12 140 14250
12 141 19266
12 142 19152
12 143 16872
12 144 23484
12 145 12198
12 146 23712
12 147 20064
12 148 11856
12 149 23826
12 150 27816
12 151 7752
12 152 21432
12 153 26676
12 154 24624
12 155 19608
12 156 28386
12 157 14592
12 158 19038
12 159 9348
12 160 5244
12 161 6384
12 162 2964
12 163 13452
12 164 18240
12 165 22230
12 166 3192
12 167 5700
12 168 18582
12 169 21318
12 170 27360
12 171 8550
12 172 12312
12 173 26904
12 174 2394
12 175 570
12 176 5928
12 177 25650
12 178 5358
12 179 24054
12 180 17784
12 181 25878
12 182 22800
12 183 9918
12 184 14364
12 185 16416
12 186 2622
12 187 1938
12 188 24510
12 189 25992
12 190 11286
12 191 14478
12 192 9918
12 193 19038
12 194 17328
12 195 5814
12 196 20976
12 197 9462
12 198 23370
12 199 4788
12 200 798
13 13 -3156951
13 14 6426
13 15 1428
13 16 24633
13 17 22491
13 18 20825
13 19 20825
13 20 5712
13 21 15708
13 22 29274
13 23 25704
13 24 22729
13 25 6664
13 26 11067
13 27 13090
13 28 28798
13 29 27608
13 30 5831
13 31 17850
13 32 24157
13 33 19992
13 34 6426
13 35 22967
13 36 28560
13 37 26180
13 38 18921
13 39 8092
13 40 8330
13 41 5831
13 42 29155
13 43 17612
13 44 13804
13 45 8211
13 46 19397
13 47 17017
13 48 7259
13 49 9877
13 50 24276
13 51 11186
13 52 13447
13 53 21896
13 54 17493
13 55 8330
13 56 10591
13 57 16541
13 58 13923
13 59 13566
13 60 17255
13 61 13685
13 62 7854
13 63 25347
13 64 7735
13 65 17969
13 66 23681
13 67 10948
13 68 18802
13 69 20230
13 70 1547
13 71 14280
13 72 16541
13 73 10829
13 74 20944
13 75 9044
13 76 13566
13 77 9758
13 78 14637
13 79 9877
13 80 28203
13 81 9758
13 82 17136
13 83 23443
13 84 19754
13 85 25585
13 86 26180
13 87 5593
13 88 23443
13 89 22610
13 90 15589
13 91 16898
13 92 28203
13 93 20349
13 94 22848
13 95 21063
13 96 11662
13 97 17017
13 98 27608
13 99 7854
13 100 20587
13 101 12019
13 102 25942
13 103 28084
13 104 26180
13 105 14518
13 106 28084
13 107 8687
13 108 476
13 109 4522
13 110 13685
13 111 28798
13 112 4760
13 113 3927
13 114 12138
13 115 10710
13 116 476
13 117 16779
13 118 5593
13 119 16660
13 120 2261
13 121 7021
13 122 2142
13 123 16541
13 124 23800
13 125 27132
13 126 10710
13 127 4403
13 128 12733
13 129 7378
13 130 29750
13 131 26061
13 132 29869
13 133 11900
13 134 2975
13 135 15589
13 136 26775
13 137 1904
13 138 10591
13 139 8092
13 140 14875
13 141 20111
13 142 19992
13 143 17612
13 144 24514
13 145 12733
13 146 24752
13 147 20944
13 148 12376
13 149 24871
13 150 29036
13 151 8092
13 152 22372
13 153 27846
13 154 25704
13 155 20468
13 156 29631
13 157 15232
13 158 19873
13 159 9758
13 160 5474
13 161 6664
13 162 3094
13 163 14042
13 164 19040
13 165 23205
13 166 3332
13 167 5950
13 168 19397
13 169 22253
13 170 28560
13 171 8925
13 172 12852
13 173 28084
13 174 2499
13 175 595
13 176 6188
13 177 26775
13 178 5593
13 179 25109
13 180 18564
13 181 27013
13 182 23800
13 183 10353
13 184 14994
13 185 17136
13 186 2737
13 187 2023
13 188 25585
13 189 27132
13 190 11781
13 191 15113
13 192 10353
13 193 19873
13 194 18088
13 195 6069
13 196 21896
13 197 9877
13 198 24395
13 199 4998
13 200 833
14 14 -1436076
14 15 648
14 16 11178
14 17 10206
14 18 9450
14 19 9450
14 20 2592
14 21 7128
14 22 13284
14 23 11664
14 24 10314
14 25 3024
14 26 5022
14 27 5940
14 28 13068
14 29 12528
14 30 2646
14 31 8100
14 32 10962
14 33 9072
14 34 2916
14 35 10422
14 36 12960
14 37 11880
14 38 8586
14 39 3672
14 40 3780
14 41 2646
14 42 13230
14 43 7992
14 44 6264
14 45 3726
14 46 8802
14 47 7722
14 48 3294
14 49 4482
14 50 11016
14 51 5076
14 52 6102
14 53 9936
14 54 7938
14 55 3780
14 56 4806
14 57 7506
14 58 6318
14 59 6156
14 60 7830
14 61 6210
14 62 3564
14 63 11502
14 64 3510
14 65 8154
14 66 10746
14 67 4968
14 68 8532
14 69 9180
14 70 702
14 71 6480
14 72 7506
14 73 4914
14 74 9504
14 75 4104
14 76 6156
14 77 4428
14 78 6642
14 79 4482
14 80 12798
14 81 4428
14 82 7776
14 83 10638
14 84 8964
14 85 11610
14 86 11880
14 87 2538
14 88 10638
14 89 10260
14 90 7074
14 91 7668
14 92 12798
14 93 9234
14 94 10368
14 95 9558
14 96 5292
14 97 7722
14 98 12528
14 99 3564
14 100 9342
14 101 5454
14 102 11772
14 103 12744
14 104 11880
14 105 6588
14 106 12744
14 107 3942
14 108 216
14 109 2052
14 110 6210
14 111 13068
14 112 2160
14 113 1782
14 114 5508
14 115 4860
14 116 216
14 117 7614
14 118 2538
14 119 7560
14 120 1026
14 121 3186
14 122 972
14 123 7506
14 124 10800
14 125 12312
14 126 4860
14 127 1998
14 128 5778
14 129 3348
14 130 13500
14 131 11826
14 132 13554
14 133 5400
14 134 1350
14 135 7074
14 136 12150
14 137 864
14 138 4806
14 139 3672
14 140 6750
14 141 9126
14 142 9072
14 143 7992
14 144 11124
14 145 5778
14 146 11232
14 147 9504
14 148 5616
14 149 11286
14 150 13176
14 151 3672
14 152 10152
14 153 12636
14 154 11664
14 155 9288
14 156 13446
14 157 6912
14 158 9018
14 159 4428
14 160 2484
14 161 3024
14 162 1404
14 163 6372
14 164 8640
14 165 10530
14 166 1512
14 167 2700
14 168 8802
14 169 10098
14 170 12960
14 171 4050
14 172 5832
14 173 12744
14 174 1134
14 175 270
14 176 2808
14 177 12150
14 178 2538
14 179 11394
14 180 8424
14 181 12258
14 182 10800
14 183 4698
14 184 6804
14 185 7776
14 186 1242
14 187 918
14 188 11610
14 189 12312
14 190 5346
14 191 6858
14 192 4698
14 193 9018
14 194 8208
14 195 2754
14 196 9936
14 197 4482
14 198 11070
14 199 2268
14 200 378
15 15 -319632
15 16 2484
15 17 2268
15 18 2100
15 19 2100
15 20 576
15 21 1584
15 22 2952
15 23 2592
15 24 2292
15 25 672
15 26 1116
15 27 1320
15 28 2904
15 29 2784
15 30 588
15 31 1800
15 32 2436
15 33 2016
15 34 648
15 35 2316
15 36 2880
15 37 2640
15 38 1908
15 39 816
15 40 840
15 41 588
15 42 2940
15 43 1776
15 44 1392
15 45 828
15 46 1956
15 47 1716
15 48 732
15 49 996
15 50 2448
15 51 1128
15 52 1356
15 53 2208
15 54 1764
15 55 840
15 56 1068
15 57 1668
15 58 1404
15 59 1368
15 60 1740
15 61 1380
15 62 792
15 63 2556
15 64 780
15 65 1812
15 66 2388
15 67 1104
15 68 1896
15 69 2040
15 70 156
15 71 1440
15 72 1668
15 73 1092
15 74 2112
15 75 912
15 76 1368
15 77 984
15 78 1476
15 79 996
15 80 2844
15 81 984
15 82 1728
15 83 2364
15 84 1992
15 85 2580
15 86 2640
15 87 564
15 88 2364
15 89 2280
15 90 1572
15 91 1704
15 92 2844
15 93 2052
15 94 2304
15 95 2124
15 96 1176
15 97 1716
15 98 2784
15 99 792
15 100 2076
15 101 1212
15 102 2616
15 103 2832
15 104 2640
15 105 1464
15 106 2832
15 107 876
15 108 48
15 109 456
15 110 1380
15 111 2904
15 112 480
15 113 396
15 114 1224
15 115 1080
15 116 48
15 117 1692
15 118 564
15 119 1680
15 120 228
15 121 708
15 122 216
15 123 1668
15 124 2400
15 125 2736
15 126 1080
15 127 444
15 128 1284
15 129 744
15 130 3000
15 131 2628
15 132 3012
15 133 1200
15 134 300
15 135 1572
15 136 2700
15 137 192
15 138 1068
15 139 816
15 140 1500
15 141 2028
15 142 2016
15 143 1776
15 144 2472
15 145 1284
15 146 2496
15 147 2112
15 148 1248
15 149 2508
15 150 2928
15 151 816
15 152 2256
15 153 2808
15 154 2592
15 155 2064
15 156 2988
15 157 1536
15 158 2004
15 159 984
15 160 552
15 161 672
15 162 312
15 163 1416
15 164 1920
15 165 2340
15 166 336
15 167 600
15 168 1956
15 169 2244
15 170 2880
15 171 900
15 172 1296
15 173 2832
15 174 252
15 175 60
15 176 624
15 177 2700
15 178 564
15 179 2532
15 180 1872
15 181 2724
15 182 2400
15 183 1044
15 184 1512
15 185 1728
15 186 276
15 187 204
15 188 2580
15 189 2736
15 190 1188
15 191 1524
15 192 1044
15 193 2004
15 194 1824
15 195 612
15 196 2208
15 197 996
15 198 2460
15 199 504
15 200 84
16 16 -5473287
16 17 39123
16 18 36225
16 19 36225
16 20 9936
16 21 27324
16 22 50922
16 23 44712
16 24 39537
16 25 11592
16 26 19251
16 27 22770
16 28 50094
16 29 48024
16 30 10143
16 31 31050
16 32 42021
16 33 34776
16 34 11178
16 35 39951
16 36 49680
16 37 45540
16 38 32913
16 39 14076
16 40 14490
16 41 10143
16 42 50715
16 43 30636
16 44 24012
16 45 14283
16 46 33741
16 47 29601
16 48 12627
16 49 17181
16 50 42228
16 51 19458
16 52 23391
16 53 38088
16 54 30429
16 55 14490
16 56 18423
16 57 28773
16 58 24219
16 59 23598
16 60 30015
16 61 23805
16 62 13662
16 63 44091
16 64 13455
16 65 31257
16 66 41193
16 67 19044
16 68 32706
16 69 35190
16 70 2691
16 71 24840
16 72 28773
16 73 18837
16 74 36432
16 75 15732
16 76 23598
16 77 16974
16 78 25461
16 79 17181
16 80 49059
16 81 16974
16 82 29808
16 83 40779
16 84 34362
16 85 44505
16 86 45540
16 87 9729
16 88 40779
16 89 39330
16 90 27117
16 91 29394
16 92 49059
16 93 35397
16 94 39744
16 95 36639
16 96 20286
16 97 29601
16 98 48024
16 99 13662
16 100 35811
16 101 20907
16 102 45126
16 103 48852
16 104 45540
16 105 25254
16 106 48852
16 107 15111
16 108 828
16 109 7866
16 110 23805
16 111 50094
16 112 8280
16 113 6831
16 114 21114
16 115 18630
16 116 828
16 117 29187
16 118 9729
16 119 28980
16 120 3933
16 121 12213
16 122 3726
16 123 28773
16 124 41400
16 125 47196
16 126 18630
16 127 7659
16 128 22149
16 129 12834
16 130 51750
16 131 45333
16 132 51957
16 133 20700
16 134 5175
16 135 27117
16 136 46575
16 137 3312
16 138 18423
16 139 14076
16 140 25875
16 141 34983
16 142 34776
16 143 30636
16 144 42642
16 145 22149
16 146 43056
16 147 36432
16 148 21528
16 149 43263
16 150 50508
16 151 14076
16 152 38916
16 153 48438
16 154 44712
16 155 35604
16 156 51543
16 157 26496
16 158 34569
16 159 16974
16 160 9522
16 161 11592
16 162 5382
16 163 24426
16 164 33120
16 165 40365
16 166 5796
16 167 10350
16 168 33741
16 169 38709
16 170 49680
16 171 15525
16 172 22356
16 173 48852
16 174 4347
16 175 1035
16 176 10764
16 177 46575
16 178 9729
16 179 43677
16 180 32292
16 181 46989
16 182 41400
16 183 18009
16 184 26082
16 185 29808
16 186 4761
16 187 3519
16 188 44505
16 189 47196
16 190 20493
16 191 26289
16 192 18009
16 193 34569
16 194 31464
16 195 10557
16 196 38088
16 197 17181
16 198 42435
16 199 8694
16 200 1449
17 17 -5000751
17 18 33075
17 19 33075
17 20 9072
17 21 24948
17 22 46494
17 23 40824
17 24 36099
17 25 10584
17 26 17577
17 27 20790
17 28 45738
17 29 43848
17 30 9261
17 31 28350
17 32 38367
17 33 31752
17 34 10206
17 35 36477
17 36 45360
17 37 41580
17 38 30051
17 39 12852
17 40 13230
17 41 9261
17 42 46305
17 43 27972
17 44 21924
17 45 13041
17 46 30807
17 47 27027
17 48 11529
17 49 15687
17 50 38556
17 51 17766
17 52 21357
17 53 34776
17 54 27783
17 55 13230
17 56 16821
17 57 26271
17 58 22113
17 59 21546
17 60 27405
17 61 21735
17 62 12474
17 63 40257
17 64 12285
17 65 28539
17 66 37611
17 67 17388
17 68 29862
17 69 32130
17 70 2457
17 71 22680
17 72 26271
17 73 17199
17 74 33264
17 75 14364
17 76 21546
17 77 15498
17 78 23247
17 79 15687
17 80 44793
17 81 15498
17 82 27216
17 83 37233
17 84 31374
17 85 40635
17 86 41580
17 87 8883
17 88 37233
17 89 35910
17 90 24759
17 91 26838
17 92 44793
17 93 32319
17 94 36288
17 95 33453
17 96 18522
17 97 27027
17 98 43848
17 99 12474
17 100 32697
17 101 19089
17 102 41202
17 103 44604
17 104 41580
17 105 23058
17 106 44604
17 107 13797
17 108 756
17 109 7182
17 110 21735
17 111 45738
17 112 7560
17 113 6237
17 114 19278
17 115 17010
17 116 756
17 117 26649
17 118 8883
17 119 26460
17 120 3591
17 121 11151
17 122 3402
17 123 26271
17 124 37800
17 125 43092
17 126 17010
17 127 6993
17 128 20223
17 129 11718
17 130 47250
17 131 41391
17 132 47439
17 133 18900
17 134 4725
17 135 24759
17 136 42525
17 137 3024
17 138 16821
17 139 12852
17 140 23625
17 141 31941
17 142 31752
17 143 27972
17 144 38934
17 145 20223
17 146 39312
17 147 33264
17 148 19656
17 149 39501
17 150 46116
17 151 12852
17 152 35532
17 153 44226
17 154 40824
17 155 32508
17 156 47061
17 157 24192
17 158 31563
17 159 15498
17 160 8694
17 161 10584
17 162 4914
17 163 22302
17 164 30240
17 165 36855
17 166 5292
17 167 9450
17 168 30807
17 169 35343
17 170 45360
17 171 14175
17 172 20412
17 173 44604
17 174 3969
17 175 945
17 176 9828
17 177 42525
17 178 8883
17 179 39879
17 180 29484
17 181 42903
17 182 37800
17 183 16443
17 184 23814
17 185 27216
17 186 4347
17 187 3213
17 188 40635
17 189 43092
17 190 18711
17 191 24003
17 192 16443
17 193 31563
17 194 28728
17 195 9639
17 196 34776
17 197 15687
17 198 38745
17 199 7938
17 200 1323
18 18 -4632775
18 19 30625
18 20 8400
18 21 23100
18 22 43050
18 23 37800
18 24 33425
18 25 9800
18 26 16275
18 27 19250
18 28 42350
18 29 40600
18 30 8575
18 31 26250
18 32 35525
18 33 29400
18 34 9450
18 35 33775
18 36 42000
18 37 38500
18 38 27825
18 39 11900
18 40 12250
18 41 8575
18 42 42875
18 43 25900
18 44 20300
18 45 12075
18 46 28525
18 47 25025
18 48 10675
18 49 14525
18 50 35700
18 51 16450
18 52 19775
18 53 32200
18 54 25725
18 55 12250
18 56 15575
18 57 24325
18 58 20475
18 59 19950
18 60 25375
18 61 20125
18 62 11550
18 63 37275
18 64 11375
18 65 26425
18 66 34825
18 67 16100
18 68 27650
18 69 29750
18 70 2275
18 71 21000
18 72 24325
18 73 15925
18 74 30800
18 75 13300
18 76 19950
18 77 14350
18 78 21525
18 79 14525
18 80 41475
18 81 14350
18 82 25200
18 83 34475
18 84 29050
18 85 37625
18 86 38500
18 87 8225
18 88 34475
18 89 33250
18 90 22925
18 91 24850
18 92 41475
18 93 29925
18 94 33600
18 95 30975
18 96 17150
18 97 25025
18 98 40600
18 99 11550
18 100 30275
18 101 17675
18 102 38150
18 103 41300
18 104 38500
18 105 21350
18 106 41300
18 107 12775
18 108 700
18 109 6650
18 110 20125
18 111 42350
18 112 7000
18 113 5775
18 114 17850
18 115 15750
18 116 700
18 117 24675
18 118 8225
18 119 24500
18 120 3325
18 121 10325
18 122 3150
18 123 24325
18 124 35000
18 125 39900
18 126 15750
18 127 6475
18 128 18725
18 129 10850
18 130 43750
18 131 38325
18 132 43925
18 133 17500
18 134 4375
18 135 22925
18 136 39375
18 137 2800
18 138 15575
18 139 11900
18 140 21875
18 141 29575
18 142 29400
18 143 25900
18 144 36050
18 145 18725
18 146 36400
18 147 30800
18 148 18200
18 149 36575
18 150 42700
18 151 11900
18 152 32900
18 153 40950
18 154 37800
18 155 30100
18 156 43575
18 157 22400
18 158 29225
18 159 14350
18 160 8050
18 161 9800
18 162 4550
18 163 20650
18 164 28000
18 165 34125
18 166 4900
18 167 8750
18 168 28525
18 169 32725
18 170 42000
18 171 13125
18 172 18900
18 173 41300
18 174 3675
18 175 875
18 176 9100
18 177 39375
18 178 8225
18 179 36925
18 180 27300
18 181 39725
18 182 35000
18 183 15225
18 184 22050
18 185 25200
18 186 4025
18 187 2975
18 188 37625
18 189 39900
18 190 17325
18 191 22225
18 192 15225
18 193 29225
18 194 26600
18 195 8925
18 196 32200
18 197 14525
18 198 35875
18 199 7350
18 200 1225
19 19 -4632775
19 20 8400
19 21 23100
19 22 43050
19 23 37800
19 24 33425
19 25 9800
19 26 16275
19 27 19250
19 28 42350
19 29 40600
19 30 8575
19 31 26250
19 32 35525
19 33 29400
19 34 9450
19 35 33775
19 36 42000
19 37 38500
19 38 27825
19 39 11900
19 40 12250
19 41 8575
19 42 42875
19 43 25900
19 44 20300
19 45 12075
19 46 28525
19 47 25025
19 48 10675
19 49 14525
19 50 35700
19 51 16450
19 52 19775
19 53 32200
19 54 25725
19 55 12250
19 56 15575
19 57 24325
19 58 20475
19 59 19950
19 60 25375
19 61 20125
19 62 11550
19 63 37275
19 64 11375
19 65 26425
19 66 34825
19 67 16100
19 68 27650
19 69 29750
19 70 2275
19 71 21000
19 72 24325
19 73 15925
19 74 30800
19 75 13300
19 76 19950
19 77 14350
19 78 21525
19 79 14525
19 80 41475
19 81 14350
19 82 25200
19 83 34475
19 84 29050
19 85 37625
19 86 38500
19 87 8225
19 88 34475
19 89 33250
19 90 22925
19 91 24850
19 92 41475
19 93 29925
19 94 33600
19 95 30975
19 96 17150
19 97 25025
19 98 40600
19 99 11550
19 100 30275
19 101 17675
19 102 38150
19 103 41300
19 104 38500
19 105 21350
19 106 41300
19 107 12775
19 108 700
19 109 6650
19 110 20125
19 111 42350
19 112 7000
19 113 5775
19 114 17850
19 115 15750
19 116 700
19 117 24675
19 118 8225
19 119 24500
19 120 3325
19 121 10325
19 122 3150
19 123 24325
19 124 35000
19 125 39900
19 126 15750
19 127 6475
19 128 18725
19 129 10850
19 130 43750
19 131 38325
19 132 43925
19 133 17500
19 134 4375
19 135 22925
19 136 39375
19 137 2800
19 138 15575
19 139 11900
19 140 21875
19 141 29575
19 142 29400
19 143 25900
19 144 36050
19 145 18725
19 146 36400
19 147 30800
19 148 18200
19 149 36575
19 150 42700
19 151 11900
19 152 32900
19 153 40950
19 154 37800
19 155 30100
19 156 43575
19 157 22400
19 158 29225
19 159 14350
19 160 8050
19 161 9800
19 162 4550
19 163 20650
19 164 28000
19 165 34125
19 166 4900
19 167 8750
19 168 28525
19 169 32725
19 170 42000
19 171 13125
19 172 18900
19 173 41300
19 174 3675
19 175 875
19 176 9100
19 177 39375
19 178 8225
19 179 36925
19 180 27300
19 181 39725
19 182 35000
19 183 15225
19 184 22050
19 185 25200
19 186 4025
19 187 2975
19 188 37625
19 189 39900
19 190 17325
19 191 22225
19 192 15225
19 193 29225
19 194 26600
19 195 8925
19 196 32200
19 197 14525
19 198 35875
19 199 7350
19 200 1225
20 20 -1276800
20 21 6336
20 22 11808
20 23 10368
20 24 9168
20 25 2688
20 26 4464
20 27 5280
20 28 11616
20 29 11136
20 30 2352
20 31 7200
20 32 9744
20 33 8064
20 34 2592
20 35 9264
20 36 11520
20 37 10560
20 38 7632
20 39 3264
20 40 3360
20 41 2352
20 42 11760
20 43 7104
20 44 5568
20 45 3312
20 46 7824
20 47 6864
20 48 2928
20 49 3984
20 50 9792
20 51 4512
20 52 5424
20 53 8832
20 54 7056
20 55 3360
20 56 4272
20 57 6672
20 58 5616
20 59 5472
20 60 6960
20 61 5520
20 62 3168
20 63 10224
20 64 3120
20 65 7248
20 66 9552
20 67 4416
20 68 7584
20 69 8160
20 70 624
20 71 5760
20 72 6672
20 73 4368
20 74 8448
20 75 3648
20 76 5472
20 77 3936
20 78 5904
20 79 3984
20 80 11376
20 81 3936
20 82 6912
20 83 9456
20 84 7968
20 85 10320
20 86 10560
20 87 2256
20 88 9456
20 89 9120
20 90 6288
20 91 6816
20 92 11376
20 93 8208
20 94 9216
20 95 8496
20 96 4704
20 97 6864
20 98 11136
20 99 3168
20 100 8304
20 101 4848
20 102 10464
20 103 11328
20 104 10560
20 105 5856
20 106 11328
20 107 3504
20 108 192
20 109 1824
20 110 5520
20 111 11616
20 112 1920
20 113 1584
20 114 4896
20 115 4320
20 116 192
20 117 6768
20 118 2256
20 119 6720
20 120 912
20 121 2832
20 122 864
20 123 6672
20 124 9600
20 125 10944
20 126 4320
20 127 1776
20 128 5136
20 129 2976
20 130 12000
20 131 10512
20 132 12048
20 133 4800
20 134 1200
20 135 6288
20 136 10800
20 137 768
20 138 4272
20 139 3264
20 140 6000
20 141 8112
20 142 8064
20 143 7104
20 144 9888
20 145 5136
20 146 9984
20 147 8448
20 148 4992
20 149 10032
20 150 11712
20 151 3264
20 152 9024
20 153 11232
20 154 10368
20 155 8256
20 156 11952
20 157 6144
20 158 8016
20 159 3936
20 160 2208
20 161 2688
20 162 1248
20 163 5664
20 164 7680
20 165 9360
20 166 1344
20 167 2400
20 168 7824
20 169 8976
20 170 11520
20 171 3600
20 172 5184
20 173 11328
20 174 1008
20 175 240
20 176 2496
20 177 10800
20 178 2256
20 179 10128
20 180 7488
20 181 10896
20 182 9600
20 183 4176
20 184 6048
20 185 6912
20 186 1104
20 187 816
20 188 10320
20 189 10944
20 190 4752
20 191 6096
20 192 4176
20 193 8016
20 194 7296
20 195 2448
20 196 8832
20 197 3984
20 198 9840
20 199 2016
20 200 336
21 21 -3500112
21 22 32472
21 23 28512
21 24 25212
21 25 7392
21 26 12276
21 27 14520
21 28 31944
21 29 30624
21 30 6468
21 31 19800
21 32 26796
21 33 22176
21 34 7128
21 35 25476
21 36 31680
21 37 29040
21 38 20988
21 39 8976
21 40 9240
21 41 6468
21 42 32340
21 43 19536
21 44 15312
21 45 9108
21 46 21516
21 47 18876
21 48 8052
21 49 10956
21 50 26928
21 51 12408
21 52 14916
21 53 24288
21 54 19404
21 55 9240
21 56 11748
21 57 18348
21 58 15444
21 59 15048
21 60 19140
21 61 15180
21 62 8712
21 63 28116
21 64 8580
21 65 19932
21 66 26268
21 67 12144
21 68 20856
21 69 22440
21 70 1716
21 71 15840
21 72 18348
21 73 12012
21 74 23232
21 75 10032
21 76 15048
21 77 10824
21 78 16236
21 79 10956
21 80 31284
21 81 10824
21 82 19008
21 83 26004
21 84 21912
21 85 28380
21 86 29040
21 87 6204
21 88 26004
21 89 25080
21 90 17292
21 91 18744
21 92 31284
21 93 22572
21 94 25344
21 95 23364
21 96 12936
21 97 18876
21 98 30624
21 99 8712
21 100 22836
21 101 13332
21 102 28776
21 103 31152
21 104 29040
21 105 16104
21 106 31152
21 107 9636
21 108 528
21 109 5016
21 110 15180
21 111 31944
21 112 5280
21 113 4356
21 114 13464
21 115 11880
21 116 528
21 117 18612
21 118 6204
21 119 18480
21 120 2508
21 121 7788
21 122 2376
21 123 18348
21 124 26400
21 125 30096
21 126 11880
21 127 4884
21 128 14124
21 129 8184
21 130 33000
21 131 28908
21 132 33132
21 133 13200
21 134 3300
21 135 17292
21 136 29700
21 137 2112
21 138 11748
21 139 8976
21 140 16500
21 141 22308
21 142 22176
21 143 19536
21 144 27192
21 145 14124
21 146 27456
21 147 23232
21 148 13728
21 149 27588
21 150 32208
21 151 8976
21 152 24816
21 153 30888
21 154 28512
21 155 22704
21 156 32868
21 157 16896
21 158 22044
21 159 10824
21 160 6072
21 161 7392
21 162 3432
21 163 15576
21 164 21120
21 165 25740
21 166 3696
21 167 6600
21 168 21516
21 169 24684
21 170 31680
21 171 9900
21 172 14256
21 173 31152
21 174 2772
21 175 660
21 176 6864
21 177 29700
21 178 6204
21 179 27852
21 180 20592
21 181 29964
21 182 26400
21 183 11484
21 184 16632
21 185 19008
21 186 3036
21 187 2244
21 188 28380
21 189 30096
21 190 13068
21 191 16764
21 192 11484
21 193 22044
21 194 20064
21 195 6732
21 196 24288
21 197 10956
21 198 27060
21 199 5544
21 200 924
22 22 -6494892
22 23 53136
22 24 46986
22 25 13776
22 26 22878
22 27 27060
22 28 59532
22 29 57072
22 30 12054
22 31 36900
22 32 49938
22 33 41328
22 34 13284
22 35 47478
22 36 59040
22 37 54120
22 38 39114
22 39 16728
22 40 17220
22 41 12054
22 42 60270
22 43 36408
22 44 28536
22 45 16974
22 46 40098
22 47 35178
22 48 15006
22 49 20418
22 50 50184
22 51 23124
22 52 27798
22 53 45264
22 54 36162
22 55 17220
22 56 21894
22 57 34194
22 58 28782
22 59 28044
22 60 35670
22 61 28290
22 62 16236
22 63 52398
22 64 15990
22 65 37146
22 66 48954
22 67 22632
22 68 38868
22 69 41820
22 70 3198
22 71 29520
22 72 34194
22 73 22386
22 74 43296
22 75 18696
22 76 28044
22 77 20172
22 78 30258
22 79 20418
22 80 58302
22 81 20172
22 82 35424
22 83 48462
22 84 40836
22 85 52890
22 86 54120
22 87 11562
22 88 48462
22 89 46740
22 90 32226
22 91 34932
22 92 58302
22 93 42066
22 94 47232
22 95 43542
22 96 24108
22 97 35178
22 98 57072
22 99 16236
22 100 42558
22 101 24846
22 102 53628
22 103 58056
22 104 54120
22 105 30012
22 106 58056
22 107 17958
22 108 984
22 109 9348
22 110 28290
22 111 59532
22 112 9840
22 113 8118
22 114 25092
22 115 22140
22 116 984
22 117 34686
22 118 11562
22 119 34440
22 120 4674
22 121 14514
22 122 4428
22 123 34194
22 124 49200
22 125 56088
22 126 22140
22 127 9102
22 128 26322
22 129 15252
22 130 61500
22 131 53874
22 132 61746
22 133 24600
22 134 6150
22 135 32226
22 136 55350
22 137 3936
22 138 21894
22 139 16728
22 140 30750
22 141 41574
22 142 41328
22 143 36408
22 144 50676
22 145 26322
22 146 51168
22 147 43296
22 148 25584
22 149 51414
22 150 60024
22 151 16728
22 152 46248
22 153 57564
22 154 53136
22 155 42312
22 156 61254
22 157 31488
22 158 41082
22 159 20172
22 160 11316
22 161 13776
22 162 6396
22 163 29028
22 164 39360
22 165 47970
22 166 6888
22 167 12300
22 168 40098
22 169 46002
22 170 59040
22 171 18450
22 172 26568
22 173 58056
22 174 5166
22 175 1230
22 176 12792
22 177 55350
22 178 11562
22 179 51906
22 180 38376
22 181 55842
22 182 49200
22 183 21402
22 184 30996
22 185 35424
22 186 5658
22 187 4182
22 188 52890
22 189 56088
22 190 24354
22 191 31242
22 192 21402
22 193 41082
22 194 37392
22 195 12546
22 196 45264
22 197 20418
22 198 50430
22 199 10332
22 200 1722
23 23 -5709312
23 24 41256
23 25 12096
23 26 20088
23 27 23760
23 28 52272
23 29 50112
23 30 10584
23 31 32400
23 32 43848
23 33 36288
23 34 11664
23 35 41688
23 36 51840
23 37 47520
23 38 34344
23 39 14688
23 40 15120
23 41 10584
23 42 52920
23 43 31968
23 44 25056
23 45 14904
23 46 35208
23 47 30888
23 48 13176
23 49 17928
23 50 44064
23 51 20304
23 52 24408
23 53 39744
23 54 31752
23 55 15120
23 56 19224
23 57 30024
23 58 25272
23 59 24624
23 60 31320
23 61 24840
23 62 14256
23 63 46008
23 64 14040
23 65 32616
23 66 42984
23 67 19872
23 68 34128
23 69 36720
23 70 2808
23 71 25920
23 72 30024
23 73 19656
23 74 38016
23 75 16416
23 76 24624
23 77 17712
23 78 26568
23 79 17928
23 80 51192
23 81 17712
23 82 31104
23 83 42552
23 84 35856
23 85 46440
23 86 47520
23 87 10152
23 88 42552
23 89 41040
23 90 28296
23 91 30672
23 92 51192
23 93 36936
23 94 41472
23 95 38232
23 96 21168
23 97 30888
23 98 50112
23 99 14256
23 100 37368
23 101 21816
23 102 47088
23 103 50976
23 104 47520
23 105 26352
23 106 50976
23 107 15768
23 108 864
23 109 8208
23 110 24840
23 111 52272
23 112 8640
23 113 7128
23 114 22032
23 115 19440
23 116 864
23 117 30456
23 118 10152
23 119 30240
23 120 4104
23 121 12744
23 122 3888
23 123 30024
23 124 43200
23 125 49248
23 126 19440
23 127 7992
23 128 23112
23 129 13392
23 130 54000
23 131 47304
23 132 54216
23 133 21600
23 134 5400
23 135 28296
23 136 48600
23 137 3456
23 138 19224
23 139 14688
23 140 27000
23 141 36504
23 142 36288
23 143 31968
23 144 44496
23 145 23112
23 146 44928
23 147 38016
23 148 22464
23 149 45144
23 150 52704
23 151 14688
23 152 40608
23 153 50544
23 154 46656
23 155 37152
23 156 53784
23 157 27648
23 158 36072
23 159 17712
23 160 9936
23 161 12096
23 162 5616
23 163 25488
23 164 34560
23 165 42120
23 166 6048
23 167 10800
23 168 35208
23 169 40392
23 170 51840
23 171 16200
23 172 23328
23 173 50976
23 174 4536
23 175 1080
23 176 11232
23 177 48600
23 178 10152
23 179 45576
23 180 33696
23 181 49032
23 182 43200
23 183 18792
23 184 27216
23 185 31104
23 186 4968
23 187 3672
23 188 46440
23 189 49248
23 190 21384
23 191 27432
23 192 18792
23 193 36072
23 194 32832
23 195 11016
23 196 39744
23 197 17928
23 198 44280
23 199 9072
23 200 1512
24 24 -5053287
24 25 10696
24 26 17763
24 27 21010
24 28 46222
24 29 44312
24 30 9359
24 31 28650
24 32 38773
24 33 32088
24 34 10314
24 35 36863
24 36 45840
24 37 42020
24 38 30369
24 39 12988
24 40 13370
24 41 9359
24 42 46795
24 43 28268
24 44 22156
24 45 13179
24 46 31133
24 47 27313
24 48 11651
24 49 15853
24 50 38964
24 51 17954
24 52 21583
24 53 35144
24 54 28077
24 55 13370
24 56 16999
24 57 26549
24 58 22347
24 59 21774
24 60 27695
24 61 21965
24 62 12606
24 63 40683
24 64 12415
24 65 28841
24 66 38009
24 67 17572
24 68 30178
24 69 32470
24 70 2483
24 71 22920
24 72 26549
24 73 17381
24 74 33616
24 75 14516
24 76 21774
24 77 15662
24 78 23493
24 79 15853
24 80 45267
24 81 15662
24 82 27504
24 83 37627
24 84 31706
24 85 41065
24 86 42020
24 87 8977
24 88 37627
24 89 36290
24 90 25021
24 91 27122
24 92 45267
24 93 32661
24 94 36672
24 95 33807
24 96 18718
24 97 27313
24 98 44312
24 99 12606
24 100 33043
24 101 19291
24 102 41638
24 103 45076
24 104 42020
24 105 23302
24 106 45076
24 107 13943
24 108 764
24 109 7258
24 110 21965
24 111 46222
24 112 7640
24 113 6303
24 114 19482
24 115 17190
24 116 764
24 117 26931
24 118 8977
24 119 26740
24 120 3629
24 121 11269
24 122 3438
24 123 26549
24 124 38200
24 125 43548
24 126 17190
24 127 7067
24 128 20437
24 129 11842
24 130 47750
24 131 41829
24 132 47941
24 133 19100
24 134 4775
24 135 25021
24 136 42975
24 137 3056
24 138 16999
24 139 12988
24 140 23875
24 141 32279
24 142 32088
24 143 28268
24 144 39346
24 145 20437
24 146 39728
24 147 33616
24 148 19864
24 149 39919
24 150 46604
24 151 12988
24 152 35908
24 153 44694
24 154 41256
24 155 32852
24 156 47559
24 157 24448
24 158 31897
24 159 15662
24 160 8786
24 161 10696
24 162 4966
24 163 22538
24 164 30560
24 165 37245
24 166 5348
24 167 9550
24 168 31133
24 169 35717
24 170 45840
24 171 14325
24 172 20628
24 173 45076
24 174 4011
24 175 955
24 176 9932
24 177 42975
24 178 8977
24 179 40301
24 180 29796
24 181 43357
24 182 38200
24 183 16617
24 184 24066
24 185 27504
24 186 4393
24 187 3247
24 188 41065
24 189 43548
24 190 18909
24 191 24257
24 192 16617
24 193 31897
24 194 29032
24 195 9741
24 196 35144
24 197 15853
24 198 39155
24 199 8022
24 200 1337
25 25 -1489152
25 26 5208
25 27 6160
25 28 13552
25 29 12992
25 30 2744
25 31 8400
25 32 11368
25 33 9408
25 34 3024
25 35 10808
25 36 13440
25 37 12320
25 38 8904
25 39 3808
25 40 3920
25 41 2744
25 42 13720
25 43 8288
25 44 6496
25 45 3864
25 46 9128
25 47 8008
25 48 3416
25 49 4648
25 50 11424
25 51 5264
25 52 6328
25 53 10304
25 54 8232
25 55 3920
25 56 4984
25 57 7784
25 58 6552
25 59 6384
25 60 8120
25 61 6440
25 62 3696
25 63 11928
25 64 3640
25 65 8456
25 66 11144
25 67 5152
25 68 8848
25 69 9520
25 70 728
25 71 6720
25 72 7784
25 73 5096
25 74 9856
25 75 4256
25 76 6384
25 77 4592
25 78 6888
25 79 4648
25 80 13272
25 81 4592
25 82 8064
25 83 11032
25 84 9296
25 85 12040
25 86 12320
25 87 2632
25 88 11032
25 89 10640
25 90 7336
25 91 7952
25 92 13272
25 93 9576
25 94 10752
25 95 9912
25 96 5488
25 97 8008
25 98 12992
25 99 3696
25 100 9688
25 101 5656
25 102 12208
25 103 13216
25 104 12320
25 105 6832
25 106 13216
25 107 4088
25 108 224
25 109 2128
25 110 6440
25 111 13552
25 112 2240
25 113 1848
25 114 5712
25 115 5040
25 116 224
25 117 7896
25 118 2632
25 119 7840
25 120 1064
25 121 3304
25 122 1008
25 123 7784
25 124 11200
25 125 12768
25 126 5040
25 127 2072
25 128 5992
25 129 3472
25 130 14000
25 131 12264
25 132 14056
25 133 5600
25 134 1400
25 135 7336
25 136 12600
25 137 896
25 138 4984
25 139 3808
25 140 7000
25 141 9464
25 142 9408
25 143 8288
25 144 11536
25 145 5992
25 146 11648
25 147 9856
25 148 5824
25 149 11704
25 150 13664
25 151 3808
25 152 10528
25 153 13104
25 154 12096
25 155 9632
25 156 13944
25 157 7168
25 158 9352
25 159 4592
25 160 2576
25 161 3136
25 162 1456
25 163 6608
25 164 8960
25 165 10920
25 166 1568
25 167 2800
25 168 9128
25 169 10472
25 170 13440
25 171 4200
25 172 6048
25 173 13216
25 174 1176
25 175 280
25 176 2912
25 177 12600
25 178 2632
25 179 11816
25 180 8736
25 181 12712
25 182 11200
25 183 4872
25 184 7056
25 185 8064
25 186 1288
25 187 952
25 188 12040
25 189 12768
25 190 5544
25 191 7112
25 192 4872
25 193 9352
25 194 8512
25 195 2856
25 196 10304
25 197 4648
25 198 11480
25 199 2352
25 200 392
26 26 -2469615
26 27 10230
26 28 22506
26 29 21576
26 30 4557
26 31 13950
26 32 18879
26 33 15624
26 34 5022
26 35 17949
26 36 22320
26 37 20460
26 38 14787
26 39 6324
26 40 6510
26 41 4557
26 42 22785
26 43 13764
26 44 10788
26 45 6417
26 46 15159
26 47 13299
26 48 5673
26 49 7719
26 50 18972
26 51 8742
26 52 10509
26 53 17112
26 54 13671
26 55 6510
26 56 8277
26 57 12927
26 58 10881
26 59 10602
26 60 13485
26 61 10695
26 62 6138
26 63 19809
26 64 6045
26 65 14043
26 66 18507
26 67 8556
26 68 14694
26 69 15810
26 70 1209
26 71 11160
26 72 12927
26 73 8463
26 74 16368
26 75 7068
26 76 10602
26 77 7626
26 78 11439
26 79 7719
26 80 22041
26 81 7626
26 82 13392
26 83 18321
26 84 15438
26 85 19995
26 86 20460
26 87 4371
26 88 18321
26 89 17670
26 90 12183
26 91 13206
26 92 22041
26 93 15903
26 94 17856
26 95 16461
26 96 9114
26 97 13299
26 98 21576
26 99 6138
26 100 16089
26 101 9393
26 102 20274
26 103 21948
26 104 20460
26 105 11346
26 106 21948
26 107 6789
26 108 372
26 109 3534
26 110 10695
26 111 22506
26 112 3720
26 113 3069
26 114 9486
26 115 8370
26 116 372
26 117 13113
26 118 4371
26 119 13020
26 120 1767
26 121 5487
26 122 1674
26 123 12927
26 124 18600
26 125 21204
26 126 8370
26 127 3441
26 128 9951
26 129 5766
26 130 23250
26 131 20367
26 132 23343
26 133 9300
26 134 2325
26 135 12183
26 136 20925
26 137 1488
26 138 8277
26 139 6324
26 140 11625
26 141 15717
26 142 15624
26 143 13764
26 144 19158
26 145 9951
26 146 19344
26 147 16368
26 148 9672
26 149 19437
26 150 22692
26 151 6324
26 152 17484
26 153 21762
26 154 20088
26 155 15996
26 156 23157
26 157 11904
26 158 15531
26 159 7626
26 160 4278
26 161 5208
26 162 2418
26 163 10974
26 164 14880
26 165 18135
26 166 2604
26 167 4650
26 168 15159
26 169 17391
26 170 22320
26 171 6975
26 172 10044
26 173 21948
26 174 1953
26 175 465
26 176 4836
26 177 20925
26 178 4371
26 179 19623
26 180 14508
26 181 21111
26 182 18600
26 183 8091
26 184 11718
26 185 13392
26 186 2139
26 187 1581
26 188 19995
26 189 21204
26 190 9207
26 191 11811
26 192 8091
26 193 15531
26 194 14136
26 195 4743
26 196 17112
26 197 7719
26 198 19065
26 199 3906
26 200 651
27 27 -2919180
27 28 26620
27 29 25520
27 30 5390
27 31 16500
27 32 22330
27 33 18480
27 34 5940
27 35 21230
27 36 26400
27 37 24200
27 38 17490
27 39 7480
27 40 7700
27 41 5390
27 42 26950
27 43 16280
27 44 12760
27 45 7590
27 46 17930
27 47 15730
27 48 6710
27 49 9130
27 50 22440
27 51 10340
27 52 12430
27 53 20240
27 54 16170
27 55 7700
27 56 9790
27 57 15290
27 58 12870
27 59 12540
27 60 15950
27 61 12650
27 62 7260
27 63 23430
27 64 7150
27 65 16610
27 66 21890
27 67 10120
27 68 17380
27 69 18700
27 70 1430
27 71 13200
27 72 15290
27 73 10010
27 74 19360
27 75 8360
27 76 12540
27 77 9020
27 78 13530
27 79 9130
27 80 26070
27 81 9020
27 82 15840
27 83 21670
27 84 18260
27 85 23650
27 86 24200
27 87 5170
27 88 21670
27 89 20900
27 90 14410
27 91 15620
27 92 26070
27 93 18810
27 94 21120
27 95 19470
27 96 10780
27 97 15730
27 98 25520
27 99 7260
27 100 19030
27 101 11110
27 102 23980
27 103 25960
27 104 24200
27 105 13420
27 106 25960
27 107 8030
27 108 440
27 109 4180
27 110 12650
27 111 26620
27 112 4400
27 113 3630
27 114 11220
27 115 9900
27 116 440
27 117 15510
27 118 5170
27 119 15400
27 120 2090
27 121 6490
27 122 1980
27 123 15290
27 124 22000
27 125 25080
27 126 9900
27 127 4070
27 128 11770
27 129 6820
27 130 27500
27 131 24090
27 132 27610
27 133 11000
27 134 2750
27 135 14410
27 136 24750
27 137 1760
27 138 9790
27 139 7480
27 140 13750
27 141 18590
27 142 18480
27 143 16280
27 144 22660
27 145 11770
27 146 22880
27 147 19360
27 148 11440
27 149 22990
27 150 26840
27 151 7480
27 152 20680
27 153 25740
27 154 23760
27 155 18920
27 156 27390
27 157 14080
27 158 18370
27 159 9020
27 160 5060
27 161 6160
27 162 2860
27 163 12980
27 164 17600
27 165 21450
27 166 3080
27 167 5500
27 168 17930
27 169 20570
27 170 26400
27 171 8250
27 172 11880
27 173 25960
27 174 2310
27 175 550
27 176 5720
27 177 24750
27 178 5170
27 179 23210
27 180 17160
27 181 24970
27 182 22000
27 183 9570
27 184 13860
27 185 15840
27 186 2530
27 187 1870
27 188 23650
27 189 25080
27 190 10890
27 191 13970
27 192 9570
27 193 18370
27 194 16720
27 195 5610
27 196 20240
27 197 9130
27 198 22550
27 199 4620
27 200 770
28 28 -6390252
28 29 56144
28 30 11858
28 31 36300
28 32 49126
28 33 40656
28 34 13068
28 35 46706
28 36 58080
28 37 53240
28 38 38478
28 39 16456
28 40 16940
28 41 11858
28 42 59290
28 43 35816
28 44 28072
28 45 16698
28 46 39446
28 47 34606
28 48 14762
28 49 20086
28 50 49368
28 51 22748
28 52 27346
28 53 44528
28 54 35574
28 55 16940
28 56 21538
28 57 33638
28 58 28314
28 59 27588
28 60 35090
28 61 27830
28 62 15972
28 63 51546
28 64 15730
28 65 36542
28 66 48158
28 67 22264
28 68 38236
28 69 41140
28 70 3146
28 71 29040
28 72 33638
28 73 22022
28 74 42592
28 75 18392
28 76 27588
28 77 19844
28 78 29766
28 79 20086
28 80 57354
28 81 19844
28 82 34848
28 83 47674
28 84 40172
28 85 52030
28 86 53240
28 87 11374
28 88 47674
28 89 45980
28 90 31702
28 91 34364
28 92 57354
28 93 41382
28 94 46464
28 95 42834
28 96 23716
28 97 34606
28 98 56144
28 99 15972
28 100 41866
28 101 24442
28 102 52756
28 103 57112
28 104 53240
28 105 29524
28 106 57112
28 107 17666
28 108 968
28 109 9196
28 110 27830
28 111 58564
28 112 9680
28 113 7986
28 114 24684
28 115 21780
28 116 968
28 117 34122
28 118 11374
28 119 33880
28 120 4598
28 121 14278
28 122 4356
28 123 33638
28 124 48400
28 125 55176
28 126 21780
28 127 8954
28 128 25894
28 129 15004
28 130 60500
28 131 52998
28 132 60742
28 133 24200
28 134 6050
28 135 31702
28 136 54450
28 137 3872
28 138 21538
28 139 16456
28 140 30250
28 141 40898
28 142 40656
28 143 35816
28 144 49852
28 145 25894
28 146 50336
28 147 42592
28 148 25168
28 149 50578
28 150 59048
28 151 16456
28 152 45496
28 153 56628
28 154 52272
28 155 41624
28 156 60258
28 157 30976
28 158 40414
28 159 19844
28 160 11132
28 161 13552
28 162 6292
28 163 28556
28 164 38720
28 165 47190
28 166 6776
28 167 12100
28 168 39446
28 169 45254
28 170 58080
28 171 18150
28 172 26136
28 173 57112
28 174 5082
28 175 1210
28 176 12584
28 177 54450
28 178 11374
28 179 51062
28 180 37752
28 181 54934
28 182 48400
28 183 21054
28 184 30492
28 185 34848
28 186 5566
28 187 4114
28 188 52030
28 189 55176
28 190 23958
28 191 30734
28 192 21054
28 193 40414
28 194 36784
28 195 12342
28 196 44528
28 197 20086
28 198 49610
28 199 10164
28 200 1694
29 29 -6128512
29 30 11368
29 31 34800
29 32 47096
29 33 38976
29 34 12528
29 35 44776
29 36 55680
29 37 51040
29 38 36888
29 39 15776
29 40 16240
29 41 11368
29 42 56840
29 43 34336
29 44 26912
29 45 16008
29 46 37816
29 47 33176
29 48 14152
29 49 19256
29 50 47328
29 51 21808
29 52 26216
29 53 42688
29 54 34104
29 55 16240
29 56 20648
29 57 32248
29 58 27144
29 59 26448
29 60 33640
29 61 26680
29 62 15312
29 63 49416
29 64 15080
29 65 35032
29 66 46168
29 67 21344
29 68 36656
29 69 39440
29 70 3016
29 71 27840
29 72 32248
29 73 21112
29 74 40832
29 75 17632
29 76 26448
29 77 19024
29 78 28536
29 79 19256
29 80 54984
29 81 19024
29 82 33408
29 83 45704
29 84 38512
29 85 49880
29 86 51040
29 87 10904
29 88 45704
29 89 44080
29 90 30392
29 91 32944
29 92 54984
29 93 39672
29 94 44544
29 95 41064
29 96 22736
29 97 33176
29 98 53824
29 99 15312
29 100 40136
29 101 23432
29 102 50576
29 103 54752
29 104 51040
29 105 28304
29 106 54752
29 107 16936
29 108 928
29 109 8816
29 110 26680
29 111 56144
29 112 9280
29 113 7656
29 114 23664
29 115 20880
29 116 928
29 117 32712
29 118 10904
29 119 32480
29 120 4408
29 121 13688
29 122 4176
29 123 32248
29 124 46400
29 125 52896
29 126 20880
29 127 8584
29 128 24824
29 129 14384
29 130 58000
29 131 50808
29 132 58232
29 133 23200
29 134 5800
29 135 30392
29 136 52200
29 137 3712
29 138 20648
29 139 15776
29 140 29000
29 141 39208
29 142 38976
29 143 34336
29 144 47792
29 145 24824
29 146 48256
29 147 40832
29 148 24128
29 149 48488
29 150 56608
29 151 15776
29 152 43616
29 153 54288
29 154 50112
29 155 39904
29 156 57768
29 157 29696
29 158 38744
29 159 19024
29 160 10672
29 161 12992
29 162 6032
29 163 27376
29 164 37120
29 165 45240
29 166 6496
29 167 11600
29 168 37816
29 169 43384
29 170 55680
29 171 17400
29 172 25056
29 173 54752
29 174 4872
29 175 1160
29 176 12064
29 177 52200
29 178 10904
29 179 48952
29 180 36192
29 181 52664
29 182 46400
29 183 20184
29 184 29232
29 185 33408
29 186 5336
29 187 3944
29 188 49880
29 189 52896
29 190 22968
29 191 29464
29 192 20184
29 193 38744
29 194 35264
29 195 11832
29 196 42688
29 197 19256
29 198 47560
29 199 9744
29 200 1624
30 30 -1303351
30 31 7350
30 32 9947
30 33 8232
30 34 2646
30 35 9457
30 36 11760
30 37 10780
30 38 7791
30 39 3332
30 40 3430
30 41 2401
30 42 12005
30 43 7252
30 44 5684
30 45 3381
30 46 7987
30 47 7007
30 48 2989
30 49 4067
30 50 9996
30 51 4606
30 52 5537
30 53 9016
30 54 7203
30 55 3430
30 56 4361
30 57 6811
30 58 5733
30 59 5586
30 60 7105
30 61 5635
30 62 3234
30 63 10437
30 64 3185
30 65 7399
30 66 9751
30 67 4508
30 68 7742
30 69 8330
30 70 637
30 71 5880
30 72 6811
30 73 4459
30 74 8624
30 75 3724
30 76 5586
30 77 4018
30 78 6027
30 79 4067
30 80 11613
30 81 4018
30 82 7056
30 83 9653
30 84 8134
30 85 10535
30 86 10780
30 87 2303
30 88 9653
30 89 9310
30 90 6419
30 91 6958
30 92 11613
30 93 8379
30 94 9408
30 95 8673
30 96 4802
30 97 7007
30 98 11368
30 99 3234
30 100 8477
30 101 4949
30 102 10682
30 103 11564
30 104 10780
30 105 5978
30 106 11564
30 107 3577
30 108 196
30 109 1862
30 110 5635
30 111 11858
30 112 1960
30 113 1617
30 114 4998
30 115 4410
30 116 196
30 117 6909
30 118 2303
30 119 6860
30 120 931
30 121 2891
30 122 882
30 123 6811
30 124 9800
30 125 11172
30 126 4410
30 127 1813
30 128 5243
30 129 3038
30 130 12250
30 131 10731
30 132 12299
30 133 4900
30 134 1225
30 135 6419
30 136 11025
30 137 784
30 138 4361
30 139 3332
30 140 6125
30 141 8281
30 142 8232
30 143 7252
30 144 10094
30 145 5243
30 146 10192
30 147 8624
30 148 5096
30 149 10241
30 150 11956
30 151 3332
30 152 9212
30 153 11466
30 154 10584
30 155 8428
30 156 12201
30 157 6272
30 158 8183
30 159 4018
30 160 2254
30 161 2744
30 162 1274
30 163 5782
30 164 7840
30 165 9555
30 166 1372
30 167 2450
30 168 7987
30 169 9163
30 170 11760
30 171 3675
30 172 5292
30 173 11564
30 174 1029
30 175 245
30 176 2548
30 177 11025
30 178 2303
30 179 10339
30 180 7644
30 181 11123
30 182 9800
30 183 4263
30 184 6174
30 185 7056
30 186 1127
30 187 833
30 188 10535
30 189 11172
30 190 4851
30 191 6223
30 192 4263
30 193 8183
30 194 7448
30 195 2499
30 196 9016
30 197 4067
30 198 10045
30 199 2058
30 200 343
31 31 -3974700
31 32 30450
31 33 25200
31 34 8100
31 35 28950
31 36 36000
31 37 33000
31 38 23850
31 39 10200
31 40 10500
31 41 7350
31 42 36750
31 43 22200
31 44 17400
31 45 10350
31 46 24450
31 47 21450
31 48 9150
31 49 12450
31 50 30600
31 51 14100
31 52 16950
31 53 27600
31 54 22050
31 55 10500
31 56 13350
31 57 20850
31 58 17550
31 59 17100
31 60 21750
31 61 17250
31 62 9900
31 63 31950
31 64 9750
31 65 22650
31 66 29850
31 67 13800
31 68 23700
31 69 25500
31 70 1950
31 71 18000
31 72 20850
31 73 13650
31 74 26400
31 75 11400
31 76 17100
31 77 12300
31 78 18450
31 79 12450
31 80 35550
31 81 12300
31 82 21600
31 83 29550
31 84 24900
31 85 32250
31 86 33000
31 87 7050
31 88 29550
31 89 28500
31 90 19650
31 91 21300
31 92 35550
31 93 25650
31 94 28800
31 95 26550
31 96 14700
31 97 21450
31 98 34800
31 99 9900
31 100 25950
31 101 15150
31 102 32700
31 103 35400
31 104 33000
31 105 18300
31 106 35400
31 107 10950
31 108 600
31 109 5700
31 110 17250
31 111 36300
31 112 6000
31 113 4950
31 114 15300
31 115 13500
31 116 600
31 117 21150
31 118 7050
31 119 21000
31 120 2850
31 121 8850
31 122 2700
31 123 20850
31 124 30000
31 125 34200
31 126 13500
31 127 5550
31 128 16050
31 129 9300
31 130 37500
31 131 32850
31 132 37650
31 133 15000
31 134 3750
31 135 19650
31 136 33750
31 137 2400
31 138 13350
31 139 10200
31 140 18750
31 141 25350
31 142 25200
31 143 22200
31 144 30900
31 145 16050
31 146 31200
31 147 26400
31 148 15600
31 149 31350
31 150 36600
31 151 10200
31 152 28200
31 153 35100
31 154 32400
31 155 25800
31 156 37350
31 157 19200
31 158 25050
31 159 12300
31 160 6900
31 161 8400
31 162 3900
31 163 17700
31 164 24000
31 165 29250
31 166 4200
31 167 7500
31 168 24450
31 169 28050
31 170 36000
31 171 11250
31 172 16200
31 173 35400
31 174 3150
31 175 750
31 176 7800
31 177 33750
31 178 7050
31 179 31650
31 180 23400
31 181 34050
31 182 30000
31 183 13050
31 184 18900
31 185 21600
31 186 3450
31 187 2550
31 188 32250
31 189 34200
31 190 14850
31 191 19050
31 192 13050
31 193 25050
31 194 22800
31 195 7650
31 196 27600
31 197 12450
31 198 30750
31 199 6300
31 200 1050
32 32 -5368335
32 33 34104
32 34 10962
32 35 39179
32 36 48720
32 37 44660
32 38 32277
32 39 13804
32 40 14210
32 41 9947
32 42 49735
32 43 30044
32 44 23548
32 45 14007
32 46 33089
32 47 29029
32 48 12383
32 49 16849
32 50 41412
32 51 19082
32 52 22939
32 53 37352
32 54 29841
32 55 14210
32 56 18067
32 57 28217
32 58 23751
32 59 23142
32 60 29435
32 61 23345
32 62 13398
32 63 43239
32 64 13195
32 65 30653
32 66 40397
32 67 18676
32 68 32074
32 69 34510
32 70 2639
32 71 24360
32 72 28217
32 73 18473
32 74 35728
32 75 15428
32 76 23142
32 77 16646
32 78 24969
32 79 16849
32 80 48111
32 81 16646
32 82 29232
32 83 39991
32 84 33698
32 85 43645
32 86 44660
32 87 9541
32 88 39991
32 89 38570
32 90 26593
32 91 28826
32 92 48111
32 93 34713
32 94 38976
32 95 35931
32 96 19894
32 97 29029
32 98 47096
32 99 13398
32 100 35119
32 101 20503
32 102 44254
32 103 47908
32 104 44660
32 105 24766
32 106 47908
32 107 14819
32 108 812
32 109 7714
32 110 23345
32 111 49126
32 112 8120
32 113 6699
32 114 20706
32 115 18270
32 116 812
32 117 28623
32 118 9541
32 119 28420
32 120 3857
32 121 11977
32 122 3654
32 123 28217
32 124 40600
32 125 46284
32 126 18270
32 127 7511
32 128 21721
32 129 12586
32 130 50750
32 131 44457
32 132 50953
32 133 20300
32 134 5075
32 135 26593
32 136 45675
32 137 3248
32 138 18067
32 139 13804
32 140 25375
32 141 34307
32 142 34104
32 143 30044
32 144 41818
32 145 21721
32 146 42224
32 147 35728
32 148 21112
32 149 42427
32 150 49532
32 151 13804
32 152 38164
32 153 47502
32 154 43848
32 155 34916
32 156 50547
32 157 25984
32 158 33901
32 159 16646
32 160 9338
32 161 11368
32 162 5278
32 163 23954
32 164 32480
32 165 39585
32 166 5684
32 167 10150
32 168 33089
32 169 37961
32 170 48720
32 171 15225
32 172 21924
32 173 47908
32 174 4263
32 175 1015
32 176 10556
32 177 45675
32 178 9541
32 179 42833
32 180 31668
32 181 46081
32 182 40600
32 183 17661
32 184 25578
32 185 29232
32 186 4669
32 187 3451
32 188 43645
32 189 46284
32 190 20097
32 191 25781
32 192 17661
32 193 33901
32 194 30856
32 195 10353
32 196 37352
32 197 16849
32 198 41615
32 199 8526
32 200 1421
33 33 -4448640
33 34 9072
33 35 32424
33 36 40320
33 37 36960
33 38 26712
33 39 11424
33 40 11760
33 41 8232
33 42 41160
33 43 24864
33 44 19488
33 45 11592
33 46 27384
33 47 24024
33 48 10248
33 49 13944
33 50 34272
33 51 15792
33 52 18984
33 53 30912
33 54 24696
33 55 11760
33 56 14952
33 57 23352
33 58 19656
33 59 19152
33 60 24360
33 61 19320
33 62 11088
33 63 35784
33 64 10920
33 65 25368
33 66 33432
33 67 15456
33 68 26544
33 69 28560
33 70 2184
33 71 20160
33 72 23352
33 73 15288
33 74 29568
33 75 12768
33 76 19152
33 77 13776
33 78 20664
33 79 13944
33 80 39816
33 81 13776
33 82 24192
33 83 33096
33 84 27888
33 85 36120
33 86 36960
33 87 7896
33 88 33096
33 89 31920
33 90 22008
33 91 23856
33 92 39816
33 93 28728
33 94 32256
33 95 29736
33 96 16464
33 97 24024
33 98 38976
33 99 11088
33 100 29064
33 101 16968
33 102 36624
33 103 39648
33 104 36960
33 105 20496
33 106 39648
33 107 12264
33 108 672
33 109 6384
33 110 19320
33 111 40656
33 112 6720
33 113 5544
33 114 17136
33 115 15120
33 116 672
33 117 23688
33 118 7896
33 119 23520
33 120 3192
33 121 9912
33 122 3024
33 123 23352
33 124 33600
33 125 38304
33 126 15120
33 127 6216
33 128 17976
33 129 10416
33 130 42000
33 131 36792
33 132 42168
33 133 16800
33 134 4200
33 135 22008
33 136 37800
33 137 2688
33 138 14952
33 139 11424
33 140 21000
33 141 28392
33 142 28224
33 143 24864
33 144 34608
33 145 17976
33 146 34944
33 147 29568
33 148 17472
33 149 35112
33 150 40992
33 151 11424
33 152 31584
33 153 39312
33 154 36288
33 155 28896
33 156 41832
33 157 21504
33 158 28056
33 159 13776
33 160 7728
33 161 9408
33 162 4368
33 163 19824
33 164 26880
33 165 32760
33 166 4704
33 167 8400
33 168 27384
33 169 31416
33 170 40320
33 171 12600
33 172 18144
33 173 39648
33 174 3528
33 175 840
33 176 8736
33 177 37800
33 178 7896
33 179 35448
33 180 26208
33 181 38136
33 182 33600
33 183 14616
33 184 21168
33 185 24192
33 186 3864
33 187 2856
33 188 36120
33 189 38304
33 190 16632
33 191 21336
33 192 14616
33 193 28056
33 194 25536
33 195 8568
33 196 30912
33 197 13944
33 198 34440
33 199 7056
33 200 1176
34 34 -1436076
34 35 10422
34 36 12960
34 37 11880
34 38 8586
34 39 3672
34 40 3780
34 41 2646
34 42 13230
34 43 7992
34 44 6264
34 45 3726
34 46 8802
34 47 7722
34 48 3294
34 49 4482
34 50 11016
34 51 5076
34 52 6102
34 53 9936
34 54 7938
34 55 3780
34 56 4806
34 57 7506
34 58 6318
34 59 6156
34 60 7830
34 61 6210
34 62 3564
34 63 11502
34 64 3510
34 65 8154
34 66 10746
34 67 4968
34 68 8532
34 69 9180
34 70 702
34 71 6480
34 72 7506
34 73 4914
34 74 9504
34 75 4104
34 76 6156
34 77 4428
34 78 6642
34 79 4482
34 80 12798
34 81 4428
34 82 7776
34 83 10638
34 84 8964
34 85 11610
34 86 11880
34 87 2538
34 88 10638
34 89 10260
34 90 7074
34 91 7668
34 92 12798
34 93 9234
34 94 10368
34 95 9558
34 96 5292
34 97 7722
34 98 12528
34 99 3564
34 100 9342
34 101 5454
34 102 11772
34 103 12744
34 104 11880
34 105 6588
34 106 12744
34 107 3942
34 108 216
34 109 2052
34 110 6210
34 111 13068
34 112 2160
34 113 1782
34 114 5508
34 115 4860
34 116 216
34 117 7614
34 118 2538
34 119 7560
34 120 1026
34 121 3186
34 122 972
34 123 7506
34 124 10800
34 125 12312
34 126 4860
34 127 1998
34 128 5778
34 129 3348
34 130 13500
34 131 11826
34 132 13554
34 133 5400
34 134 1350
34 135 7074
34 136 12150
34 137 864
34 138 4806
34 139 3672
34 140 6750
34 141 9126
34 142 9072
34 143 7992
34 144 11124
34 145 5778
34 146 11232
34 147 9504
34 148 5616
34 149 11286
34 150 13176
34 151 3672
34 152 10152
34 153 12636
34 154 11664
34 155 9288
34 156 13446
34 157 6912
34 158 9018
34 159 4428
34 160 2484
34 161 3024
34 162 1404
34 163 6372
34 164 8640
34 165 10530
34 166 1512
34 167 2700
34 168 8802
34 169 10098
34 170 12960
34 171 4050
34 172 5832
34 173 12744
34 174 1134
34 175 270
34 176 2808
34 177 12150
34 178 2538
34 179 11394
34 180 8424
34 181 12258
34 182 10800
34 183 4698
34 184 6804
34 185 7776
34 186 1242
34 187 918
34 188 11610
34 189 12312
34 190 5346
34 191 6858
34 192 4698
34 193 9018
34 194 8208
34 195 2754
34 196 9936
34 197 4482
34 198 11070
34 199 2268
34 200 378
35 35 -5105815
35 36 46320
35 37 42460
35 38 30687
35 39 13124
35 40 13510
35 41 9457
35 42 47285
35 43 28564
35 44 22388
35 45 13317
35 46 31459
35 47 27599
35 48 11773
35 49 16019
35 50 39372
35 51 18142
35 52 21809
35 53 35512
35 54 28371
35 55 13510
35 56 17177
35 57 26827
35 58 22581
35 59 22002
35 60 27985
35 61 22195
35 62 12738
35 63 41109
35 64 12545
35 65 29143
35 66 38407
35 67 17756
35 68 30494
35 69 32810
35 70 2509
35 71 23160
35 72 26827
35 73 17563
35 74 33968
35 75 14668
35 76 22002
35 77 15826
35 78 23739
35 79 16019
35 80 45741
35 81 15826
35 82 27792
35 83 38021
35 84 32038
35 85 41495
35 86 42460
35 87 9071
35 88 38021
35 89 36670
35 90 25283
35 91 27406
35 92 45741
35 93 33003
35 94 37056
35 95 34161
35 96 18914
35 97 27599
35 98 44776
35 99 12738
35 100 33389
35 101 19493
35 102 42074
35 103 45548
35 104 42460
35 105 23546
35 106 45548
35 107 14089
35 108 772
35 109 7334
35 110 22195
35 111 46706
35 112 7720
35 113 6369
35 114 19686
35 115 17370
35 116 772
35 117 27213
35 118 9071
35 119 27020
35 120 3667
35 121 11387
35 122 3474
35 123 26827
35 124 38600
35 125 44004
35 126 17370
35 127 7141
35 128 20651
35 129 11966
35 130 48250
35 131 42267
35 132 48443
35 133 19300
35 134 4825
35 135 25283
35 136 43425
35 137 3088
35 138 17177
35 139 13124
35 140 24125
35 141 32617
35 142 32424
35 143 28564
35 144 39758
35 145 20651
35 146 40144
35 147 33968
35 148 20072
35 149 40337
35 150 47092
35 151 13124
35 152 36284
35 153 45162
35 154 41688
35 155 33196
35 156 48057
35 157 24704
35 158 32231
35 159 15826
35 160 8878
35 161 10808
35 162 5018
35 163 22774
35 164 30880
35 165 37635
35 166 5404
35 167 9650
35 168 31459
35 169 36091
35 170 46320
35 171 14475
35 172 20844
35 173 45548
35 174 4053
35 175 965
35 176 10036
35 177 43425
35 178 9071
35 179 40723
35 180 30108
35 181 43811
35 182 38600
35 183 16791
35 184 24318
35 185 27792
35 186 4439
35 187 3281
35 188 41495
35 189 44004
35 190 19107
35 191 24511
35 192 16791
35 193 32231
35 194 29336
35 195 9843
35 196 35512
35 197 16019
35 198 39565
35 199 8106
35 200 1351
36 36 -6337920
36 37 52800
36 38 38160
36 39 16320
36 40 16800
36 41 11760
36 42 58800
36 43 35520
36 44 27840
36 45 16560
36 46 39120
36 47 34320
36 48 14640
36 49 19920
36 50 48960
36 51 22560
36 52 27120
36 53 44160
36 54 35280
36 55 16800
36 56 21360
36 57 33360
36 58 28080
36 59 27360
36 60 34800
36 61 27600
36 62 15840
36 63 51120
36 64 15600
36 65 36240
36 66 47760
36 67 22080
36 68 37920
36 69 40800
36 70 3120
36 71 28800
36 72 33360
36 73 21840
36 74 42240
36 75 18240
36 76 27360
36 77 19680
36 78 29520
36 79 19920
36 80 56880
36 81 19680
36 82 34560
36 83 47280
36 84 39840
36 85 51600
36 86 52800
36 87 11280
36 88 47280
36 89 45600
36 90 31440
36 91 34080
36 92 56880
36 93 41040
36 94 46080
36 95 42480
36 96 23520
36 97 34320
36 98 55680
36 99 15840
36 100 41520
36 101 24240
36 102 52320
36 103 56640
36 104 52800
36 105 29280
36 106 56640
36 107 17520
36 108 960
36 109 9120
36 110 27600
36 111 58080
36 112 9600
36 113 7920
36 114 24480
36 115 21600
36 116 960
36 117 33840
36 118 11280
36 119 33600
36 120 4560
36 121 14160
36 122 4320
36 123 33360
36 124 48000
36 125 54720
36 126 21600
36 127 8880
36 128 25680
36 129 14880
36 130 60000
36 131 52560
36 132 60240
36 133 24000
36 134 6000
36 135 31440
36 136 54000
36 137 3840
36 138 21360
36 139 16320
36 140 30000
36 141 40560
36 142 40320
36 143 35520
36 144 49440
36 145 25680
36 146 49920
36 147 42240
36 148 24960
36 149 50160
36 150 58560
36 151 16320
36 152 45120
36 153 56160
36 154 51840
36 155 41280
36 156 59760
36 157 30720
36 158 40080
36 159 19680
36 160 11040
36 161 13440
36 162 6240
36 163 28320
36 164 38400
36 165 46800
36 166 6720
36 167 12000
36 168 39120
36 169 44880
36 170 57600
36 171 18000
36 172 25920
36 173 56640
36 174 5040
36 175 1200
36 176 12480
36 177 54000
36 178 11280
36 179 50640
36 180 37440
36 181 54480
36 182 48000
36 183 20880
36 184 30240
36 185 34560
36 186 5520
36 187 4080
36 188 51600
36 189 54720
36 190 23760
36 191 30480
36 192 20880
36 193 40080
36 194 36480
36 195 12240
36 196 44160
36 197 19920
36 198 49200
36 199 10080
36 200 1680
37 37 -5814160
37 38 34980
37 39 14960
37 40 15400
37 41 10780
37 42 53900
37 43 32560
37 44 25520
37 45 15180
37 46 35860
37 47 31460
37 48 13420
37 49 18260
37 50 44880
37 51 20680
37 52 24860
37 53 40480
37 54 32340
37 55 15400
37 56 19580
37 57 30580
37 58 25740
37 59 25080
37 60 31900
37 61 25300
37 62 14520
37 63 46860
37 64 14300
37 65 33220
37 66 43780
37 67 20240
37 68 34760
37 69 37400
37 70 2860
37 71 26400
37 72 30580
37 73 20020
37 74 38720
37 75 16720
37 76 25080
37 77 18040
37 78 27060
37 79 18260
37 80 52140
37 81 18040
37 82 31680
37 83 43340
37 84 36520
37 85 47300
37 86 48400
37 87 10340
37 88 43340
37 89 41800
37 90 28820
37 91 31240
37 92 52140
37 93 37620
37 94 42240
37 95 38940
37 96 21560
37 97 31460
37 98 51040
37 99 14520
37 100 38060
37 101 22220
37 102 47960
37 103 51920
37 104 48400
37 105 26840
37 106 51920
37 107 16060
37 108 880
37 109 8360
37 110 25300
37 111 53240
37 112 8800
37 113 7260
37 114 22440
37 115 19800
37 116 880
37 117 31020
37 118 10340
37 119 30800
37 120 4180
37 121 12980
37 122 3960
37 123 30580
37 124 44000
37 125 50160
37 126 19800
37 127 8140
37 128 23540
37 129 13640
37 130 55000
37 131 48180
37 132 55220
37 133 22000
37 134 5500
37 135 28820
37 136 49500
37 137 3520
37 138 19580
37 139 14960
37 140 27500
37 141 37180
37 142 36960
37 143 32560
37 144 45320
37 145 23540
37 146 45760
37 147 38720
37 148 22880
37 149 45980
37 150 53680
37 151 14960
37 152 41360
37 153 51480
37 154 47520
37 155 37840
37 156 54780
37 157 28160
37 158 36740
37 159 18040
37 160 10120
37 161 12320
37 162 5720
37 163 25960
37 164 35200
37 165 42900
37 166 6160
37 167 11000
37 168 35860
37 169 41140
37 170 52800
37 171 16500
37 172 23760
37 173 51920
37 174 4620
37 175 1100
37 176 11440
37 177 49500
37 178 10340
37 179 46420
37 180 34320
37 181 49940
37 182 44000
37 183 19140
37 184 27720
37 185 31680
37 186 5060
37 187 3740
37 188 47300
37 189 50160
37 190 21780
37 191 27940
37 192 19140
37 193 36740
37 194 33440
37 195 11220
37 196 40480
37 197 18260
37 198 45100
37 199 9240
37 200 1540
38 38 -4211751
38 39 10812
38 40 11130
38 41 7791
38 42 38955
38 43 23532
38 44 18444
38 45 10971
38 46 25917
38 47 22737
38 48 9699
38 49 13197
38 50 32436
38 51 14946
38 52 17967
38 53 29256
38 54 23373
38 55 11130
38 56 14151
38 57 22101
38 58 18603
38 59 18126
38 60 23055
38 61 18285
38 62 10494
38 63 33867
38 64 10335
38 65 24009
38 66 31641
38 67 14628
38 68 25122
38 69 27030
38 70 2067
38 71 19080
38 72 22101
38 73 14469
38 74 27984
38 75 12084
38 76 18126
38 77 13038
38 78 19557
38 79 13197
38 80 37683
38 81 13038
38 82 22896
38 83 31323
38 84 26394
38 85 34185
38 86 34980
38 87 7473
38 88 31323
38 89 30210
38 90 20829
38 91 22578
38 92 37683
38 93 27189
38 94 30528
38 95 28143
38 96 15582
38 97 22737
38 98 36888
38 99 10494
38 100 27507
38 101 16059
38 102 34662
38 103 37524
38 104 34980
38 105 19398
38 106 37524
38 107 11607
38 108 636
38 109 6042
38 110 18285
38 111 38478
38 112 6360
38 113 5247
38 114 16218
38 115 14310
38 116 636
38 117 22419
38 118 7473
38 119 22260
38 120 3021
38 121 9381
38 122 2862
38 123 22101
38 124 31800
38 125 36252
38 126 14310
38 127 5883
38 128 17013
38 129 9858
38 130 39750
38 131 34821
38 132 39909
38 133 15900
38 134 3975
38 135 20829
38 136 35775
38 137 2544
38 138 14151
38 139 10812
38 140 19875
38 141 26871
38 142 26712
38 143 23532
38 144 32754
38 145 17013
38 146 33072
38 147 27984
38 148 16536
38 149 33231
38 150 38796
38 151 10812
38 152 29892
38 153 37206
38 154 34344
38 155 27348
38 156 39591
38 157 20352
38 158 26553
38 159 13038
38 160 7314
38 161 8904
38 162 4134
38 163 18762
38 164 25440
38 165 31005
38 166 4452
38 167 7950
38 168 25917
38 169 29733
38 170 38160
38 171 11925
38 172 17172
38 173 37524
38 174 3339
38 175 795
38 176 8268
38 177 35775
38 178 7473
38 179 33549
38 180 24804
38 181 36093
38 182 31800
38 183 13833
38 184 20034
38 185 22896
38 186 3657
38 187 2703
38 188 34185
38 189 36252
38 190 15741
38 191 20193
38 192 13833
38 193 26553
38 194 24168
38 195 8109
38 196 29256
38 197 13197
38 198 32595
38 199 6678
38 200 1113
39 39 -1807440
39 40 4760
39 41 3332
39 42 16660
39 43 10064
39 44 7888
39 45 4692
39 46 11084
39 47 9724
39 48 4148
39 49 5644
39 50 13872
39 51 6392
39 52 7684
39 53 12512
39 54 9996
39 55 4760
39 56 6052
39 57 9452
39 58 7956
39 59 7752
39 60 9860
39 61 7820
39 62 4488
39 63 14484
39 64 4420
39 65 10268
39 66 13532
39 67 6256
39 68 10744
39 69 11560
39 70 884
39 71 8160
39 72 9452
39 73 6188
39 74 11968
39 75 5168
39 76 7752
39 77 5576
39 78 8364
39 79 5644
39 80 16116
39 81 5576
39 82 9792
39 83 13396
39 84 11288
39 85 14620
39 86 14960
39 87 3196
39 88 13396
39 89 12920
39 90 8908
39 91 9656
39 92 16116
39 93 11628
39 94 13056
39 95 12036
39 96 6664
39 97 9724
39 98 15776
39 99 4488
39 100 11764
39 101 6868
39 102 14824
39 103 16048
39 104 14960
39 105 8296
39 106 16048
39 107 4964
39 108 272
39 109 2584
39 110 7820
39 111 16456
39 112 2720
39 113 2244
39 114 6936
39 115 6120
39 116 272
39 117 9588
39 118 3196
39 119 9520
39 120 1292
39 121 4012
39 122 1224
39 123 9452
39 124 13600
39 125 15504
39 126 6120
39 127 2516
39 128 7276
39 129 4216
39 130 17000
39 131 14892
39 132 17068
39 133 6800
39 134 1700
39 135 8908
39 136 15300
39 137 1088
39 138 6052
39 139 4624
39 140 8500
39 141 11492
39 142 11424
39 143 10064
39 144 14008
39 145 7276
39 146 14144
39 147 11968
39 148 7072
39 149 14212
39 150 16592
39 151 4624
39 152 12784
39 153 15912
39 154 14688
39 155 11696
39 156 16932
39 157 8704
39 158 11356
39 159 5576
39 160 3128
39 161 3808
39 162 1768
39 163 8024
39 164 10880
39 165 13260
39 166 1904
39 167 3400
39 168 11084
39 169 12716
39 170 16320
39 171 5100
39 172 7344
39 173 16048
39 174 1428
39 175 340
39 176 3536
39 177 15300
39 178 3196
39 179 14348
39 180 10608
39 181 15436
39 182 13600
39 183 5916
39 184 8568
39 185 9792
39 186 1564
39 187 1156
39 188 14620
39 189 15504
39 190 6732
39 191 8636
39 192 5916
39 193 11356
39 194 10336
39 195 3468
39 196 12512
39 197 5644
39 198 13940
39 199 2856
39 200 476
40 40 -1860460
40 41 3430
40 42 17150
40 43 10360
40 44 8120
40 45 4830
40 46 11410
40 47 10010
40 48 4270
40 49 5810
40 50 14280
40 51 6580
40 52 7910
40 53 12880
40 54 10290
40 55 4900
40 56 6230
40 57 9730
40 58 8190
40 59 7980
40 60 10150
40 61 8050
40 62 4620
40 63 14910
40 64 4550
40 65 10570
40 66 13930
40 67 6440
40 68 11060
40 69 11900
40 70 910
40 71 8400
40 72 9730
40 73 6370
40 74 12320
40 75 5320
40 76 7980
40 77 5740
40 78 8610
40 79 5810
40 80 16590
40 81 5740
40 82 10080
40 83 13790
40 84 11620
40 85 15050
40 86 15400
40 87 3290
40 88 13790
40 89 13300
40 90 9170
40 91 9940
40 92 16590
40 93 11970
40 94 13440
40 95 12390
40 96 6860
40 97 10010
40 98 16240
40 99 4620
40 100 12110
40 101 7070
40 102 15260
40 103 16520
40 104 15400
40 105 8540
40 106 16520
40 107 5110
40 108 280
40 109 2660
40 110 8050
40 111 16940
40 112 2800
40 113 2310
40 114 7140
40 115 6300
40 116 280
40 117 9870
40 118 3290
40 119 9800
40 120 1330
40 121 4130
40 122 1260
40 123 9730
40 124 14000
40 125 15960
40 126 6300
40 127 2590
40 128 7490
40 129 4340
40 130 17500
40 131 15330
40 132 17570
40 133 7000
40 134 1750
40 135 9170
40 136 15750
40 137 1120
40 138 6230
40 139 4760
40 140 8750
40 141 11830
40 142 11760
40 143 10360
40 144 14420
40 145 7490
40 146 14560
40 147 12320
40 148 7280
40 149 14630
40 150 17080
40 151 4760
40 152 13160
40 153 16380
40 154 15120
40 155 12040
40 156 17430
40 157 8960
40 158 11690
40 159 5740
40 160 3220
40 161 3920
40 162 1820
40 163 8260
40 164 11200
40 165 13650
40 166 1960
40 167 3500
40 168 11410
40 169 13090
40 170 16800
40 171 5250
40 172 7560
40 173 16520
40 174 1470
40 175 350
40 176 3640
40 177 15750
40 178 3290
40 179 14770
40 180 10920
40 181 15890
40 182 14000
40 183 6090
40 184 8820
40 185 10080
40 186 1610
40 187 1190
40 188 15050
40 189 15960
40 190 6930
40 191 8890
40 192 6090
40 193 11690
40 194 10640
40 195 3570
40 196 12880
40 197 5810
40 198 14350
40 199 2940
40 200 490
41 41 -1303351
41 42 12005
41 43 7252
41 44 5684
41 45 3381
41 46 7987
41 47 7007
41 48 2989
41 49 4067
41 50 9996
41 51 4606
41 52 5537
41 53 9016
41 54 7203
41 55 3430
41 56 4361
41 57 6811
41 58 5733
41 59 5586
41 60 7105
41 61 5635
41 62 3234
41 63 10437
41 64 3185
41 65 7399
41 66 9751
41 67 4508
41 68 7742
41 69 8330
41 70 637
41 71 5880
41 72 6811
41 73 4459
41 74 8624
41 75 3724
41 76 5586
41 77 4018
41 78 6027
41 79 4067
41 80 11613
41 81 4018
41 82 7056
41 83 9653
41 84 8134
41 85 10535
41 86 10780
41 87 2303
41 88 9653
41 89 9310
41 90 6419
41 91 6958
41 92 11613
41 93 8379
41 94 9408
41 95 8673
41 96 4802
41 97 7007
41 98 11368
41 99 3234
41 100 8477
41 101 4949
41 102 10682
41 103 11564
41 104 10780
41 105 5978
41 106 11564
41 107 3577
41 108 196
41 109 1862
41 110 5635
41 111 11858
41 112 1960
41 113 1617
41 114 4998
41 115 4410
41 116 196
41 117 6909
41 118 2303
41 119 6860
41 120 931
41 121 2891
41 122 882
41 123 6811
41 124 9800
41 125 11172
41 126 4410
41 127 1813
41 128 5243
41 129 3038
41 130 12250
41 131 10731
41 132 12299
41 133 4900
41 134 1225
41 135 6419
41 136 11025
41 137 784
41 138 4361
41 139 3332
41 140 6125
41 141 8281
41 142 8232
41 143 7252
41 144 10094
41 145 5243
41 146 10192
41 147 8624
41 148 5096
41 149 10241
41 150 11956
41 151 3332
41 152 9212
41 153 11466
41 154 10584
41 155 8428
41 156 12201
41 157 6272
41 158 8183
41 159 4018
41 160 2254
41 161 2744
41 162 1274
41 163 5782
41 164 7840
41 165 9555
41 166 1372
41 167 2450
41 168 7987
41 169 9163
41 170 11760
41 171 3675
41 172 5292
41 173 11564
41 174 1029
41 175 245
41 176 2548
41 177 11025
41 178 2303
41 179 10339
41 180 7644
41 181 11123
41 182 9800
41 183 4263
41 184 6174
41 185 7056
41 186 1127
41 187 833
41 188 10535
41 189 11172
41 190 4851
41 191 6223
41 192 4263
41 193 8183
41 194 7448
41 195 2499
41 196 9016
41 197 4067
41 198 10045
41 199 2058
41 200 343
42 42 -6468735
42 43 36260
42 44 28420
42 45 16905
42 46 39935
42 47 35035
42 48 14945
42 49 20335
42 50 49980
42 51 23030
42 52 27685
42 53 45080
42 54 36015
42 55 17150
42 56 21805
42 57 34055
42 58 28665
42 59 27930
42 60 35525
42 61 28175
42 62 16170
42 63 52185
42 64 15925
42 65 36995
42 66 48755
42 67 22540
42 68 38710
42 69 41650
42 70 3185
42 71 29400
42 72 34055
42 73 22295
42 74 43120
42 75 18620
42 76 27930
42 77 20090
42 78 30135
42 79 20335
42 80 58065
42 81 20090
42 82 35280
42 83 48265
42 84 40670
42 85 52675
42 86 53900
42 87 11515
42 88 48265
42 89 46550
42 90 32095
42 91 34790
42 92 58065
42 93 41895
42 94 47040
42 95 43365
42 96 24010
42 97 35035
42 98 56840
42 99 16170
42 100 42385
42 101 24745
42 102 53410
42 103 57820
42 104 53900
42 105 29890
42 106 57820
42 107 17885
42 108 980
42 109 9310
42 110 28175
42 111 59290
42 112 9800
42 113 8085
42 114 24990
42 115 22050
42 116 980
42 117 34545
42 118 11515
42 119 34300
42 120 4655
42 121 14455
42 122 4410
42 123 34055
42 124 49000
42 125 55860
42 126 22050
42 127 9065
42 128 26215
42 129 15190
42 130 61250
42 131 53655
42 132 61495
42 133 24500
42 134 6125
42 135 32095
42 136 55125
42 137 3920
42 138 21805
42 139 16660
42 140 30625
42 141 41405
42 142 41160
42 143 36260
42 144 50470
42 145 26215
42 146 50960
42 147 43120
42 148 25480
42 149 51205
42 150 59780
42 151 16660
42 152 46060
42 153 57330
42 154 52920
42 155 42140
42 156 61005
42 157 31360
42 158 40915
42 159 20090
42 160 11270
42 161 13720
42 162 6370
42 163 28910
42 164 39200
42 165 47775
42 166 6860
42 167 12250
42 168 39935
42 169 45815
42 170 58800
42 171 18375
42 172 26460
42 173 57820
42 174 5145
42 175 1225
42 176 12740
42 177 55125
42 178 11515
42 179 51695
42 180 38220
42 181 55615
42 182 49000
42 183 21315
42 184 30870
42 185 35280
42 186 5635
42 187 4165
42 188 52675
42 189 55860
42 190 24255
42 191 31115
42 192 21315
42 193 40915
42 194 37240
42 195 12495
42 196 45080
42 197 20335
42 198 50225
42 199 10290
42 200 1715
43 43 -3922000
43 44 17168
43 45 10212
43 46 24124
43 47 21164
43 48 9028
43 49 12284
43 50 30192
43 51 13912
43 52 16724
43 53 27232
43 54 21756
43 55 10360
43 56 13172
43 57 20572
43 58 17316
43 59 16872
43 60 21460
43 61 17020
43 62 9768
43 63 31524
43 64 9620
43 65 22348
43 66 29452
43 67 13616
43 68 23384
43 69 25160
43 70 1924
43 71 17760
43 72 20572
43 73 13468
43 74 26048
43 75 11248
43 76 16872
43 77 12136
43 78 18204
43 79 12284
43 80 35076
43 81 12136
43 82 21312
43 83 29156
43 84 24568
43 85 31820
43 86 32560
43 87 6956
43 88 29156
43 89 28120
43 90 19388
43 91 21016
43 92 35076
43 93 25308
43 94 28416
43 95 26196
43 96 14504
43 97 21164
43 98 34336
43 99 9768
43 100 25604
43 101 14948
43 102 32264
43 103 34928
43 104 32560
43 105 18056
43 106 34928
43 107 10804
43 108 592
43 109 5624
43 110 17020
43 111 35816
43 112 5920
43 113 4884
43 114 15096
43 115 13320
43 116 592
43 117 20868
43 118 6956
43 119 20720
43 120 2812
43 121 8732
43 122 2664
43 123 20572
43 124 29600
43 125 33744
43 126 13320
43 127 5476
43 128 15836
43 129 9176
43 130 37000
43 131 32412
43 132 37148
43 133 14800
43 134 3700
43 135 19388
43 136 33300
43 137 2368
43 138 13172
43 139 10064
43 140 18500
43 141 25012
43 142 24864
43 143 21904
43 144 30488
43 145 15836
43 146 30784
43 147 26048
43 148 15392
43 149 30932
43 150 36112
43 151 10064
43 152 27824
43 153 34632
43 154 31968
43 155 25456
43 156 36852
43 157 18944
43 158 24716
43 159 12136
43 160 6808
43 161 8288
43 162 3848
43 163 17464
43 164 23680
43 165 28860
43 166 4144
43 167 7400
43 168 24124
43 169 27676
43 170 35520
43 171 11100
43 172 15984
43 173 34928
43 174 3108
43 175 740
43 176 7696
43 177 33300
43 178 6956
43 179 31228
43 180 23088
43 181 33596
43 182 29600
43 183 12876
43 184 18648
43 185 21312
43 186 3404
43 187 2516
43 188 31820
43 189 33744
43 190 14652
43 191 18796
43 192 12876
43 193 24716
43 194 22496
43 195 7548
43 196 27232
43 197 12284
43 198 30340
43 199 6216
43 200 1036
44 44 -3077712
44 45 8004
44 46 18908
44 47 16588
44 48 7076
44 49 9628
44 50 23664
44 51 10904
44 52 13108
44 53 21344
44 54 17052
44 55 8120
44 56 10324
44 57 16124
44 58 13572
44 59 13224
44 60 16820
44 61 13340
44 62 7656
44 63 24708
44 64 7540
44 65 17516
44 66 23084
44 67 10672
44 68 18328
44 69 19720
44 70 1508
44 71 13920
44 72 16124
44 73 10556
44 74 20416
44 75 8816
44 76 13224
44 77 9512
44 78 14268
44 79 9628
44 80 27492
44 81 9512
44 82 16704
44 83 22852
44 84 19256
44 85 24940
44 86 25520
44 87 5452
44 88 22852
44 89 22040
44 90 15196
44 91 16472
44 92 27492
44 93 19836
44 94 22272
44 95 20532
44 96 11368
44 97 16588
44 98 26912
44 99 7656
44 100 20068
44 101 11716
44 102 25288
44 103 27376
44 104 25520
44 105 14152
44 106 27376
44 107 8468
44 108 464
44 109 4408
44 110 13340
44 111 28072
44 112 4640
44 113 3828
44 114 11832
44 115 10440
44 116 464
44 117 16356
44 118 5452
44 119 16240
44 120 2204
44 121 6844
44 122 2088
44 123 16124
44 124 23200
44 125 26448
44 126 10440
44 127 4292
44 128 12412
44 129 7192
44 130 29000
44 131 25404
44 132 29116
44 133 11600
44 134 2900
44 135 15196
44 136 26100
44 137 1856
44 138 10324
44 139 7888
44 140 14500
44 141 19604
44 142 19488
44 143 17168
44 144 23896
44 145 12412
44 146 24128
44 147 20416
44 148 12064
44 149 24244
44 150 28304
44 151 7888
44 152 21808
44 153 27144
44 154 25056
44 155 19952
44 156 28884
44 157 14848
44 158 19372
44 159 9512
44 160 5336
44 161 6496
44 162 3016
44 163 13688
44 164 18560
44 165 22620
44 166 3248
44 167 5800
44 168 18908
44 169 21692
44 170 27840
44 171 8700
44 172 12528
44 173 27376
44 174 2436
44 175 580
44 176 6032
44 177 26100
44 178 5452
44 179 24476
44 180 18096
44 181 26332
44 182 23200
44 183 10092
44 184 14616
44 185 16704
44 186 2668
44 187 1972
44 188 24940
44 189 26448
44 190 11484
44 191 14732
44 192 10092
44 193 19372
44 194 17632
44 195 5916
44 196 21344
44 197 9628
44 198 23780
44 199 4872
44 200 812
45 45 -1833951
45 46 11247
45 47 9867
45 48 4209
45 49 5727
45 50 14076
45 51 6486
45 52 7797
45 53 12696
45 54 10143
45 55 4830
45 56 6141
45 57 9591
45 58 8073
45 59 7866
45 60 10005
45 61 7935
45 62 4554
45 63 14697
45 64 4485
45 65 10419
45 66 13731
45 67 6348
45 68 10902
45 69 11730
45 70 897
45 71 8280
45 72 9591
45 73 6279
45 74 12144
45 75 5244
45 76 7866
45 77 5658
45 78 8487
45 79 5727
45 80 16353
45 81 5658
45 82 9936
45 83 13593
45 84 11454
45 85 14835
45 86 15180
45 87 3243
45 88 13593
45 89 13110
45 90 9039
45 91 9798
45 92 16353
45 93 11799
45 94 13248
45 95 12213
45 96 6762
45 97 9867
45 98 16008
45 99 4554
45 100 11937
45 101 6969
45 102 15042
45 103 16284
45 104 15180
45 105 8418
45 106 16284
45 107 5037
45 108 276
45 109 2622
45 110 7935
45 111 16698
45 112 2760
45 113 2277
45 114 7038
45 115 6210
45 116 276
45 117 9729
45 118 3243
45 119 9660
45 120 1311
45 121 4071
45 122 1242
45 123 9591
45 124 13800
45 125 15732
45 126 6210
45 127 2553
45 128 7383
45 129 4278
45 130 17250
45 131 15111
45 132 17319
45 133 6900
45 134 1725
45 135 9039
45 136 15525
45 137 1104
45 138 6141
45 139 4692
45 140 8625
45 141 11661
45 142 11592
45 143 10212
45 144 14214
45 145 7383
45 146 14352
45 147 12144
45 148 7176
45 149 14421
45 150 16836
45 151 4692
45 152 12972
45 153 16146
45 154 14904
45 155 11868
45 156 17181
45 157 8832
45 158 11523
45 159 5658
45 160 3174
45 161 3864
45 162 1794
45 163 8142
45 164 11040
45 165 13455
45 166 1932
45 167 3450
45 168 11247
45 169 12903
45 170 16560
45 171 5175
45 172 7452
45 173 16284
45 174 1449
45 175 345
45 176 3588
45 177 15525
45 178 3243
45 179 14559
45 180 10764
45 181 15663
45 182 13800
45 183 6003
45 184 8694
45 185 9936
45 186 1587
45 187 1173
45 188 14835
45 189 15732
45 190 6831
45 191 8763
45 192 6003
45 193 11523
45 194 10488
45 195 3519
45 196 12696
45 197 5727
45 198 14145
45 199 2898
45 200 483
46 46 -4317055
46 47 23309
46 48 9943
46 49 13529
46 50 33252
46 51 15322
46 52 18419
46 53 29992
46 54 23961
46 55 11410
46 56 14507
46 57 22657
46 58 19071
46 59 18582
46 60 23635
46 61 18745
46 62 10758
46 63 34719
46 64 10595
46 65 24613
46 66 32437
46 67 14996
46 68 25754
46 69 27710
46 70 2119
46 71 19560
46 72 22657
46 73 14833
46 74 28688
46 75 12388
46 76 18582
46 77 13366
46 78 20049
46 79 13529
46 80 38631
46 81 13366
46 82 23472
46 83 32111
46 84 27058
46 85 35045
46 86 35860
46 87 7661
46 88 32111
46 89 30970
46 90 21353
46 91 23146
46 92 38631
46 93 27873
46 94 31296
46 95 28851
46 96 15974
46 97 23309
46 98 37816
46 99 10758
46 100 28199
46 101 16463
46 102 35534
46 103 38468
46 104 35860
46 105 19886
46 106 38468
46 107 11899
46 108 652
46 109 6194
46 110 18745
46 111 39446
46 112 6520
46 113 5379
46 114 16626
46 115 14670
46 116 652
46 117 22983
46 118 7661
46 119 22820
46 120 3097
46 121 9617
46 122 2934
46 123 22657
46 124 32600
46 125 37164
46 126 14670
46 127 6031
46 128 17441
46 129 10106
46 130 40750
46 131 35697
46 132 40913
46 133 16300
46 134 4075
46 135 21353
46 136 36675
46 137 2608
46 138 14507
46 139 11084
46 140 20375
46 141 27547
46 142 27384
46 143 24124
46 144 33578
46 145 17441
46 146 33904
46 147 28688
46 148 16952
46 149 34067
46 150 39772
46 151 11084
46 152 30644
46 153 38142
46 154 35208
46 155 28036
46 156 40587
46 157 20864
46 158 27221
46 159 13366
46 160 7498
46 161 9128
46 162 4238
46 163 19234
46 164 26080
46 165 31785
46 166 4564
46 167 8150
46 168 26569
46 169 30481
46 170 39120
46 171 12225
46 172 17604
46 173 38468
46 174 3423
46 175 815
46 176 8476
46 177 36675
46 178 7661
46 179 34393
46 180 25428
46 181 37001
46 182 32600
46 183 14181
46 184 20538
46 185 23472
46 186 3749
46 187 2771
46 188 35045
46 189 37164
46 190 16137
46 191 20701
46 192 14181
46 193 27221
46 194 24776
46 195 8313
46 196 29992
46 197 13529
46 198 33415
46 199 6846
46 200 1141
47 47 -3790215
47 48 8723
47 49 11869
47 50 29172
47 51 13442
47 52 16159
47 53 26312
47 54 21021
47 55 10010
47 56 12727
47 57 19877
47 58 16731
47 59 16302
47 60 20735
47 61 16445
47 62 9438
47 63 30459
47 64 9295
47 65 21593
47 66 28457
47 67 13156
47 68 22594
47 69 24310
47 70 1859
47 71 17160
47 72 19877
47 73 13013
47 74 25168
47 75 10868
47 76 16302
47 77 11726
47 78 17589
47 79 11869
47 80 33891
47 81 11726
47 82 20592
47 83 28171
47 84 23738
47 85 30745
47 86 31460
47 87 6721
47 88 28171
47 89 27170
47 90 18733
47 91 20306
47 92 33891
47 93 24453
47 94 27456
47 95 25311
47 96 14014
47 97 20449
47 98 33176
47 99 9438
47 100 24739
47 101 14443
47 102 31174
47 103 33748
47 104 31460
47 105 17446
47 106 33748
47 107 10439
47 108 572
47 109 5434
47 110 16445
47 111 34606
47 112 5720
47 113 4719
47 114 14586
47 115 12870
47 116 572
47 117 20163
47 118 6721
47 119 20020
47 120 2717
47 121 8437
47 122 2574
47 123 19877
47 124 28600
47 125 32604
47 126 12870
47 127 5291
47 128 15301
47 129 8866
47 130 35750
47 131 31317
47 132 35893
47 133 14300
47 134 3575
47 135 18733
47 136 32175
47 137 2288
47 138 12727
47 139 9724
47 140 17875
47 141 24167
47 142 24024
47 143 21164
47 144 29458
47 145 15301
47 146 29744
47 147 25168
47 148 14872
47 149 29887
47 150 34892
47 151 9724
47 152 26884
47 153 33462
47 154 30888
47 155 24596
47 156 35607
47 157 18304
47 158 23881
47 159 11726
47 160 6578
47 161 8008
47 162 3718
47 163 16874
47 164 22880
47 165 27885
47 166 4004
47 167 7150
47 168 23309
47 169 26741
47 170 34320
47 171 10725
47 172 15444
47 173 33748
47 174 3003
47 175 715
47 176 7436
47 177 32175
47 178 6721
47 179 30173
47 180 22308
47 181 32461
47 182 28600
47 183 12441
47 184 18018
47 185 20592
47 186 3289
47 187 2431
47 188 30745
47 189 32604
47 190 14157
47 191 18161
47 192 12441
47 193 23881
47 194 21736
47 195 7293
47 196 26312
47 197 11869
47 198 29315
47 199 6006
47 200 1001
48 48 -1621807
48 49 5063
48 50 12444
48 51 5734
48 52 6893
48 53 11224
48 54 8967
48 55 4270
48 56 5429
48 57 8479
48 58 7137
48 59 6954
48 60 8845
48 61 7015
48 62 4026
48 63 12993
48 64 3965
48 65 9211
48 66 12139
48 67 5612
48 68 9638
48 69 10370
48 70 793
48 71 7320
48 72 8479
48 73 5551
48 74 10736
48 75 4636
48 76 6954
48 77 5002
48 78 7503
48 79 5063
48 80 14457
48 81 5002
48 82 8784
48 83 12017
48 84 10126
48 85 13115
48 86 13420
48 87 2867
48 88 12017
48 89 11590
48 90 7991
48 91 8662
48 92 14457
48 93 10431
48 94 11712
48 95 10797
48 96 5978
48 97 8723
48 98 14152
48 99 4026
48 100 10553
48 101 6161
48 102 13298
48 103 14396
48 104 13420
48 105 7442
48 106 14396
48 107 4453
48 108 244
48 109 2318
48 110 7015
48 111 14762
48 112 2440
48 113 2013
48 114 6222
48 115 5490
48 116 244
48 117 8601
48 118 2867
48 119 8540
48 120 1159
48 121 3599
48 122 1098
48 123 8479
48 124 12200
48 125 13908
48 126 5490
48 127 2257
48 128 6527
48 129 3782
48 130 15250
48 131 13359
48 132 15311
48 133 6100
48 134 1525
48 135 7991
48 136 13725
48 137 976
48 138 5429
48 139 4148
48 140 7625
48 141 10309
48 142 10248
48 143 9028
48 144 12566
48 145 6527
48 146 12688
48 147 10736
48 148 6344
48 149 12749
48 150 14884
48 151 4148
48 152 11468
48 153 14274
48 154 13176
48 155 10492
48 156 15189
48 157 7808
48 158 10187
48 159 5002
48 160 2806
48 161 3416
48 162 1586
48 163 7198
48 164 9760
48 165 11895
48 166 1708
48 167 3050
48 168 9943
48 169 11407
48 170 14640
48 171 4575
48 172 6588
48 173 14396
48 174 1281
48 175 305
48 176 3172
48 177 13725
48 178 2867
48 179 12871
48 180 9516
48 181 13847
48 182 12200
48 183 5307
48 184 7686
48 185 8784
48 186 1403
48 187 1037
48 188 13115
48 189 13908
48 190 6039
48 191 7747
48 192 5307
48 193 10187
48 194 9272
48 195 3111
48 196 11224
48 197 5063
48 198 12505
48 199 2562
48 200 427
49 49 -2204895
49 50 16932
49 51 7802
49 52 9379
49 53 15272
49 54 12201
49 55 5810
49 56 7387
49 57 11537
49 58 9711
49 59 9462
49 60 12035
49 61 9545
49 62 5478
49 63 17679
49 64 5395
49 65 12533
49 66 16517
49 67 7636
49 68 13114
49 69 14110
49 70 1079
49 71 9960
49 72 11537
49 73 7553
49 74 14608
49 75 6308
49 76 9462
49 77 6806
49 78 10209
49 79 6889
49 80 19671
49 81 6806
49 82 11952
49 83 16351
49 84 13778
49 85 17845
49 86 18260
49 87 3901
49 88 16351
49 89 15770
49 90 10873
49 91 11786
49 92 19671
49 93 14193
49 94 15936
49 95 14691
49 96 8134
49 97 11869
49 98 19256
49 99 5478
49 100 14359
49 101 8383
49 102 18094
49 103 19588
49 104 18260
49 105 10126
49 106 19588
49 107 6059
49 108 332
49 109 3154
49 110 9545
49 111 20086
49 112 3320
49 113 2739
49 114 8466
49 115 7470
49 116 332
49 117 11703
49 118 3901
49 119 11620
49 120 1577
49 121 4897
49 122 1494
49 123 11537
49 124 16600
49 125 18924
49 126 7470
49 127 3071
49 128 8881
49 129 5146
49 130 20750
49 131 18177
49 132 20833
49 133 8300
49 134 2075
49 135 10873
49 136 18675
49 137 1328
49 138 7387
49 139 5644
49 140 10375
49 141 14027
49 142 13944
49 143 12284
49 144 17098
49 145 8881
49 146 17264
49 147 14608
49 148 8632
49 149 17347
49 150 20252
49 151 5644
49 152 15604
49 153 19422
49 154 17928
49 155 14276
49 156 20667
49 157 10624
49 158 13861
49 159 6806
49 160 3818
49 161 4648
49 162 2158
49 163 9794
49 164 13280
49 165 16185
49 166 2324
49 167 4150
49 168 13529
49 169 15521
49 170 19920
49 171 6225
49 172 8964
49 173 19588
49 174 1743
49 175 415
49 176 4316
49 177 18675
49 178 3901
49 179 17513
49 180 12948
49 181 18841
49 182 16600
49 183 7221
49 184 10458
49 185 11952
49 186 1909
49 187 1411
49 188 17845
49 189 18924
49 190 8217
49 191 10541
49 192 7221
49 193 13861
49 194 12616
49 195 4233
49 196 15272
49 197 6889
49 198 17015
49 199 3486
49 200 581
50 50 -5394576
50 51 19176
50 52 23052
50 53 37536
50 54 29988
50 55 14280
50 56 18156
50 57 28356
50 58 23868
50 59 23256
50 60 29580
50 61 23460
50 62 13464
50 63 43452
50 64 13260
50 65 30804
50 66 40596
50 67 18768
50 68 32232
50 69 34680
50 70 2652
50 71 24480
50 72 28356
50 73 18564
50 74 35904
50 75 15504
50 76 23256
50 77 16728
50 78 25092
50 79 16932
50 80 48348
50 81 16728
50 82 29376
50 83 40188
50 84 33864
50 85 43860
50 86 44880
50 87 9588
50 88 40188
50 89 38760
50 90 26724
50 91 28968
50 92 48348
50 93 34884
50 94 39168
50 95 36108
50 96 19992
50 97 29172
50 98 47328
50 99 13464
50 100 35292
50 101 20604
50 102 44472
50 103 48144
50 104 44880
50 105 24888
50 106 48144
50 107 14892
50 108 816
50 109 7752
50 110 23460
50 111 49368
50 112 8160
50 113 6732
50 114 20808
50 115 18360
50 116 816
50 117 28764
50 118 9588
50 119 28560
50 120 3876
50 121 12036
50 122 3672
50 123 28356
50 124 40800
50 125 46512
50 126 18360
50 127 7548
50 128 21828
50 129 12648
50 130 51000
50 131 44676
50 132 51204
50 133 20400
50 134 5100
50 135 26724
50 136 45900
50 137 3264
50 138 18156
50 139 13872
50 140 25500
50 141 34476
50 142 34272
50 143 30192
50 144 42024
50 145 21828
50 146 42432
50 147 35904
50 148 21216
50 149 42636
50 150 49776
50 151 13872
50 152 38352
50 153 47736
50 154 44064
50 155 35088
50 156 50796
50 157 26112
50 158 34068
50 159 16728
50 160 9384
50 161 11424
50 162 5304
50 163 24072
50 164 32640
50 165 39780
50 166 5712
50 167 10200
50 168 33252
50 169 38148
50 170 48960
50 171 15300
50 172 22032
50 173 48144
50 174 4284
50 175 1020
50 176 10608
50 177 45900
50 178 9588
50 179 43044
50 180 31824
50 181 46308
50 182 40800
50 183 17748
50 184 25704
50 185 29376
50 186 4692
50 187 3468
50 188 43860
50 189 46512
50 190 20196
50 191 25908
50 192 17748
50 193 34068
50 194 31008
50 195 10404
50 196 37536
50 197 16932
50 198 41820
50 199 8568
50 200 1428
51 51 -2496076
51 52 10622
51 53 17296
51 54 13818
51 55 6580
51 56 8366
51 57 13066
51 58 10998
51 59 10716
51 60 13630
51 61 10810
51 62 6204
51 63 20022
51 64 6110
51 65 14194
51 66 18706
51 67 8648
51 68 14852
51 69 15980
51 70 1222
51 71 11280
51 72 13066
51 73 8554
51 74 16544
51 75 7144
51 76 10716
51 77 7708
51 78 11562
51 79 7802
51 80 22278
51 81 7708
51 82 13536
51 83 18518
51 84 15604
51 85 20210
51 86 20680
51 87 4418
51 88 18518
51 89 17860
51 90 12314
51 91 13348
51 92 22278
51 93 16074
51 94 18048
51 95 16638
51 96 9212
51 97 13442
51 98 21808
51 99 6204
51 100 16262
51 101 9494
51 102 20492
51 103 22184
51 104 20680
51 105 11468
51 106 22184
51 107 6862
51 108 376
51 109 3572
51 110 10810
51 111 22748
51 112 3760
51 113 3102
51 114 9588
51 115 8460
51 116 376
51 117 13254
51 118 4418
51 119 13160
51 120 1786
51 121 5546
51 122 1692
51 123 13066
51 124 18800
51 125 21432
51 126 8460
51 127 3478
51 128 10058
51 129 5828
51 130 23500
51 131 20586
51 132 23594
51 133 9400
51 134 2350
51 135 12314
51 136 21150
51 137 1504
51 138 8366
51 139 6392
51 140 11750
51 141 15886
51 142 15792
51 143 13912
51 144 19364
51 145 10058
51 146 19552
51 147 16544
51 148 9776
51 149 19646
51 150 22936
51 151 6392
51 152 17672
51 153 21996
51 154 20304
51 155 16168
51 156 23406
51 157 12032
51 158 15698
51 159 7708
51 160 4324
51 161 5264
51 162 2444
51 163 11092
51 164 15040
51 165 18330
51 166 2632
51 167 4700
51 168 15322
51 169 17578
51 170 22560
51 171 7050
51 172 10152
51 173 22184
51 174 1974
51 175 470
51 176 4888
51 177 21150
51 178 4418
51 179 19834
51 180 14664
51 181 21338
51 182 18800
51 183 8178
51 184 11844
51 185 13536
51 186 2162
51 187 1598
51 188 20210
51 189 21432
51 190 9306
51 191 11938
51 192 8178
51 193 15698
51 194 14288
51 195 4794
51 196 17296
51 197 7802
51 198 19270
51 199 3948
51 200 658
52 52 -2998455
52 53 20792
52 54 16611
52 55 7910
52 56 10057
52 57 15707
52 58 13221
52 59 12882
52 60 16385
52 61 12995
52 62 7458
52 63 24069
52 64 7345
52 65 17063
52 66 22487
52 67 10396
52 68 17854
52 69 19210
52 70 1469
52 71 13560
52 72 15707
52 73 10283
52 74 19888
52 75 8588
52 76 12882
52 77 9266
52 78 13899
52 79 9379
52 80 26781
52 81 9266
52 82 16272
52 83 22261
52 84 18758
52 85 24295
52 86 24860
52 87 5311
52 88 22261
52 89 21470
52 90 14803
52 91 16046
52 92 26781
52 93 19323
52 94 21696
52 95 20001
52 96 11074
52 97 16159
52 98 26216
52 99 7458
52 100 19549
52 101 11413
52 102 24634
52 103 26668
52 104 24860
52 105 13786
52 106 26668
52 107 8249
52 108 452
52 109 4294
52 110 12995
52 111 27346
52 112 4520
52 113 3729
52 114 11526
52 115 10170
52 116 452
52 117 15933
52 118 5311
52 119 15820
52 120 2147
52 121 6667
52 122 2034
52 123 15707
52 124 22600
52 125 25764
52 126 10170
52 127 4181
52 128 12091
52 129 7006
52 130 28250
52 131 24747
52 132 28363
52 133 11300
52 134 2825
52 135 14803
52 136 25425
52 137 1808
52 138 10057
52 139 7684
52 140 14125
52 141 19097
52 142 18984
52 143 16724
52 144 23278
52 145 12091
52 146 23504
52 147 19888
52 148 11752
52 149 23617
52 150 27572
52 151 7684
52 152 21244
52 153 26442
52 154 24408
52 155 19436
52 156 28137
52 157 14464
52 158 18871
52 159 9266
52 160 5198
52 161 6328
52 162 2938
52 163 13334
52 164 18080
52 165 22035
52 166 3164
52 167 5650
52 168 18419
52 169 21131
52 170 27120
52 171 8475
52 172 12204
52 173 26668
52 174 2373
52 175 565
52 176 5876
52 177 25425
52 178 5311
52 179 23843
52 180 17628
52 181 25651
52 182 22600
52 183 9831
52 184 14238
52 185 16272
52 186 2599
52 187 1921
52 188 24295
52 189 25764
52 190 11187
52 191 14351
52 192 9831
52 193 18871
52 194 17176
52 195 5763
52 196 20792
52 197 9379
52 198 23165
52 199 4746
52 200 791
53 53 -4869376
53 54 27048
53 55 12880
53 56 16376
53 57 25576
53 58 21528
53 59 20976
53 60 26680
53 61 21160
53 62 12144
53 63 39192
53 64 11960
53 65 27784
53 66 36616
53 67 16928
53 68 29072
53 69 31280
53 70 2392
53 71 22080
53 72 25576
53 73 16744
53 74 32384
53 75 13984
53 76 20976
53 77 15088
53 78 22632
53 79 15272
53 80 43608
53 81 15088
53 82 26496
53 83 36248
53 84 30544
53 85 39560
53 86 40480
53 87 8648
53 88 36248
53 89 34960
53 90 24104
53 91 26128
53 92 43608
53 93 31464
53 94 35328
53 95 32568
53 96 18032
53 97 26312
53 98 42688
53 99 12144
53 100 31832
53 101 18584
53 102 40112
53 103 43424
53 104 40480
53 105 22448
53 106 43424
53 107 13432
53 108 736
53 109 6992
53 110 21160
53 111 44528
53 112 7360
53 113 6072
53 114 18768
53 115 16560
53 116 736
53 117 25944
53 118 8648
53 119 25760
53 120 3496
53 121 10856
53 122 3312
53 123 25576
53 124 36800
53 125 41952
53 126 16560
53 127 6808
53 128 19688
53 129 11408
53 130 46000
53 131 40296
53 132 46184
53 133 18400
53 134 4600
53 135 24104
53 136 41400
53 137 2944
53 138 16376
53 139 12512
53 140 23000
53 141 31096
53 142 30912
53 143 27232
53 144 37904
53 145 19688
53 146 38272
53 147 32384
53 148 19136
53 149 38456
53 150 44896
53 151 12512
53 152 34592
53 153 43056
53 154 39744
53 155 31648
53 156 45816
53 157 23552
53 158 30728
53 159 15088
53 160 8464
53 161 10304
53 162 4784
53 163 21712
53 164 29440
53 165 35880
53 166 5152
53 167 9200
53 168 29992
53 169 34408
53 170 44160
53 171 13800
53 172 19872
53 173 43424
53 174 3864
53 175 920
53 176 9568
53 177 41400
53 178 8648
53 179 38824
53 180 28704
53 181 41768
53 182 36800
53 183 16008
53 184 23184
53 185 26496
53 186 4232
53 187 3128
53 188 39560
53 189 41952
53 190 18216
53 191 23368
53 192 16008
53 193 30728
53 194 27968
53 195 9384
53 196 33856
53 197 15272
53 198 37720
53 199 7728
53 200 1288
54 54 -3895647
54 55 10290
54 56 13083
54 57 20433
54 58 17199
54 59 16758
54 60 21315
54 61 16905
54 62 9702
54 63 31311
54 64 9555
54 65 22197
54 66 29253
54 67 13524
54 68 23226
54 69 24990
54 70 1911
54 71 17640
54 72 20433
54 73 13377
54 74 25872
54 75 11172
54 76 16758
54 77 12054
54 78 18081
54 79 12201
54 80 34839
54 81 12054
54 82 21168
54 83 28959
54 84 24402
54 85 31605
54 86 32340
54 87 6909
54 88 28959
54 89 27930
54 90 19257
54 91 20874
54 92 34839
54 93 25137
54 94 28224
54 95 26019
54 96 14406
54 97 21021
54 98 34104
54 99 9702
54 100 25431
54 101 14847
54 102 32046
54 103 34692
54 104 32340
54 105 17934
54 106 34692
54 107 10731
54 108 588
54 109 5586
54 110 16905
54 111 35574
54 112 5880
54 113 4851
54 114 14994
54 115 13230
54 116 588
54 117 20727
54 118 6909
54 119 20580
54 120 2793
54 121 8673
54 122 2646
54 123 20433
54 124 29400
54 125 33516
54 126 13230
54 127 5439
54 128 15729
54 129 9114
54 130 36750
54 131 32193
54 132 36897
54 133 14700
54 134 3675
54 135 19257
54 136 33075
54 137 2352
54 138 13083
54 139 9996
54 140 18375
54 141 24843
54 142 24696
54 143 21756
54 144 30282
54 145 15729
54 146 30576
54 147 25872
54 148 15288
54 149 30723
54 150 35868
54 151 9996
54 152 27636
54 153 34398
54 154 31752
54 155 25284
54 156 36603
54 157 18816
54 158 24549
54 159 12054
54 160 6762
54 161 8232
54 162 3822
54 163 17346
54 164 23520
54 165 28665
54 166 4116
54 167 7350
54 168 23961
54 169 27489
54 170 35280
54 171 11025
54 172 15876
54 173 34692
54 174 3087
54 175 735
54 176 7644
54 177 33075
54 178 6909
54 179 31017
54 180 22932
54 181 33369
54 182 29400
54 183 12789
54 184 18522
54 185 21168
54 186 3381
54 187 2499
54 188 31605
54 189 33516
54 190 14553
54 191 18669
54 192 12789
54 193 24549
54 194 22344
54 195 7497
54 196 27048
54 197 12201
54 198 30135
54 199 6174
54 200 1029
55 55 -1860460
55 56 6230
55 57 9730
55 58 8190
55 59 7980
55 60 10150
55 61 8050
55 62 4620
55 63 14910
55 64 4550
55 65 10570
55 66 13930
55 67 6440
55 68 11060
55 69 11900
55 70 910
55 71 8400
55 72 9730
55 73 6370
55 74 12320
55 75 5320
55 76 7980
55 77 5740
55 78 8610
55 79 5810
55 80 16590
55 81 5740
55 82 10080
55 83 13790
55 84 11620
55 85 15050
55 86 15400
55 87 3290
55 88 13790
55 89 13300
55 90 9170
55 91 9940
55 92 16590
55 93 11970
55 94 13440
55 95 12390
55 96 6860
55 97 10010
55 98 16240
55 99 4620
55 100 12110
55 101 7070
55 102 15260
55 103 16520
55 104 15400
55 105 8540
55 106 16520
55 107 5110
55 108 280
55 109 2660
55 110 8050
55 111 16940
55 112 2800
55 113 2310
55 114 7140
55 115 6300
55 116 280
55 117 9870
55 118 3290
55 119 9800
55 120 1330
55 121 4130
55 122 1260
55 123 9730
55 124 14000
55 125 15960
55 126 6300
55 127 2590
55 128 7490
55 129 4340
55 130 17500
55 131 15330
55 132 17570
55 133 7000
55 134 1750
55 135 9170
55 136 15750
55 137 1120
55 138 6230
55 139 4760
55 140 8750
55 141 11830
55 142 11760
55 143 10360
55 144 14420
55 145 7490
55 146 14560
55 147 12320
55 148 7280
55 149 14630
55 150 17080
55 151 4760
55 152 13160
55 153 16380
55 154 15120
55 155 12040
55 156 17430
55 157 8960
55 158 11690
55 159 5740
55 160 3220
55 161 3920
55 162 1820
55 163 8260
55 164 11200
55 165 13650
55 166 1960
55 167 3500
55 168 11410
55 169 13090
55 170 16800
55 171 5250
55 172 7560
55 173 16520
55 174 1470
55 175 350
55 176 3640
55 177 15750
55 178 3290
55 179 14770
55 180 10920
55 181 15890
55 182 14000
55 183 6090
55 184 8820
55 185 10080
55 186 1610
55 187 1190
55 188 15050
55 189 15960
55 190 6930
55 191 8890
55 192 6090
55 193 11690
55 194 10640
55 195 3570
55 196 12880
55 197 5810
55 198 14350
55 199 2940
55 200 490
56 56 -2363751
56 57 12371
56 58 10413
56 59 10146
56 60 12905
56 61 10235
56 62 5874
56 63 18957
56 64 5785
56 65 13439
56 66 17711
56 67 8188
56 68 14062
56 69 15130
56 70 1157
56 71 10680
56 72 12371
56 73 8099
56 74 15664
56 75 6764
56 76 10146
56 77 7298
56 78 10947
56 79 7387
56 80 21093
56 81 7298
56 82 12816
56 83 17533
56 84 14774
56 85 19135
56 86 19580
56 87 4183
56 88 17533
56 89 16910
56 90 11659
56 91 12638
56 92 21093
56 93 15219
56 94 17088
56 95 15753
56 96 8722
56 97 12727
56 98 20648
56 99 5874
56 100 15397
56 101 8989
56 102 19402
56 103 21004
56 104 19580
56 105 10858
56 106 21004
56 107 6497
56 108 356
56 109 3382
56 110 10235
56 111 21538
56 112 3560
56 113 2937
56 114 9078
56 115 8010
56 116 356
56 117 12549
56 118 4183
56 119 12460
56 120 1691
56 121 5251
56 122 1602
56 123 12371
56 124 17800
56 125 20292
56 126 8010
56 127 3293
56 128 9523
56 129 5518
56 130 22250
56 131 19491
56 132 22339
56 133 8900
56 134 2225
56 135 11659
56 136 20025
56 137 1424
56 138 7921
56 139 6052
56 140 11125
56 141 15041
56 142 14952
56 143 13172
56 144 18334
56 145 9523
56 146 18512
56 147 15664
56 148 9256
56 149 18601
56 150 21716
56 151 6052
56 152 16732
56 153 20826
56 154 19224
56 155 15308
56 156 22161
56 157 11392
56 158 14863
56 159 7298
56 160 4094
56 161 4984
56 162 2314
56 163 10502
56 164 14240
56 165 17355
56 166 2492
56 167 4450
56 168 14507
56 169 16643
56 170 21360
56 171 6675
56 172 9612
56 173 21004
56 174 1869
56 175 445
56 176 4628
56 177 20025
56 178 4183
56 179 18779
56 180 13884
56 181 20203
56 182 17800
56 183 7743
56 184 11214
56 185 12816
56 186 2047
56 187 1513
56 188 19135
56 189 20292
56 190 8811
56 191 11303
56 192 7743
56 193 14863
56 194 13528
56 195 4539
56 196 16376
56 197 7387
56 198 18245
56 199 3738
56 200 623
57 57 -3684751
57 58 16263
57 59 15846
57 60 20155
57 61 15985
57 62 9174
57 63 29607
57 64 9035
57 65 20989
57 66 27661
57 67 12788
57 68 21962
57 69 23630
57 70 1807
57 71 16680
57 72 19321
57 73 12649
57 74 24464
57 75 10564
57 76 15846
57 77 11398
57 78 17097
57 79 11537
57 80 32943
57 81 11398
57 82 20016
57 83 27383
57 84 23074
57 85 29885
57 86 30580
57 87 6533
57 88 27383
57 89 26410
57 90 18209
57 91 19738
57 92 32943
57 93 23769
57 94 26688
57 95 24603
57 96 13622
57 97 19877
57 98 32248
57 99 9174
57 100 24047
57 101 14039
57 102 30302
57 103 32804
57 104 30580
57 105 16958
57 106 32804
57 107 10147
57 108 556
57 109 5282
57 110 15985
57 111 33638
57 112 5560
57 113 4587
57 114 14178
57 115 12510
57 116 556
57 117 19599
57 118 6533
57 119 19460
57 120 2641
57 121 8201
57 122 2502
57 123 19321
57 124 27800
57 125 31692
57 126 12510
57 127 5143
57 128 14873
57 129 8618
57 130 34750
57 131 30441
57 132 34889
57 133 13900
57 134 3475
57 135 18209
57 136 31275
57 137 2224
57 138 12371
57 139 9452
57 140 17375
57 141 23491
57 142 23352
57 143 20572
57 144 28634
57 145 14873
57 146 28912
57 147 24464
57 148 14456
57 149 29051
57 150 33916
57 151 9452
57 152 26132
57 153 32526
57 154 30024
57 155 23908
57 156 34611
57 157 17792
57 158 23213
57 159 11398
57 160 6394
57 161 7784
57 162 3614
57 163 16402
57 164 22240
57 165 27105
57 166 3892
57 167 6950
57 168 22657
57 169 25993
57 170 33360
57 171 10425
57 172 15012
57 173 32804
57 174 2919
57 175 695
57 176 7228
57 177 31275
57 178 6533
57 179 29329
57 180 21684
57 181 31553
57 182 27800
57 183 12093
57 184 17514
57 185 20016
57 186 3197
57 187 2363
57 188 29885
57 189 31692
57 190 13761
57 191 17653
57 192 12093
57 193 23213
57 194 21128
57 195 7089
57 196 25576
57 197 11537
57 198 28495
57 199 5838
57 200 973
58 58 -3104127
58 59 13338
58 60 16965
58 61 13455
58 62 7722
58 63 24921
58 64 7605
58 65 17667
58 66 23283
58 67 10764
58 68 18486
58 69 19890
58 70 1521
58 71 14040
58 72 16263
58 73 10647
58 74 20592
58 75 8892
58 76 13338
58 77 9594
58 78 14391
58 79 9711
58 80 27729
58 81 9594
58 82 16848
58 83 23049
58 84 19422
58 85 25155
58 86 25740
58 87 5499
58 88 23049
58 89 22230
58 90 15327
58 91 16614
58 92 27729
58 93 20007
58 94 22464
58 95 20709
58 96 11466
58 97 16731
58 98 27144
58 99 7722
58 100 20241
58 101 11817
58 102 25506
58 103 27612
58 104 25740
58 105 14274
58 106 27612
58 107 8541
58 108 468
58 109 4446
58 110 13455
58 111 28314
58 112 4680
58 113 3861
58 114 11934
58 115 10530
58 116 468
58 117 16497
58 118 5499
58 119 16380
58 120 2223
58 121 6903
58 122 2106
58 123 16263
58 124 23400
58 125 26676
58 126 10530
58 127 4329
58 128 12519
58 129 7254
58 130 29250
58 131 25623
58 132 29367
58 133 11700
58 134 2925
58 135 15327
58 136 26325
58 137 1872
58 138 10413
58 139 7956
58 140 14625
58 141 19773
58 142 19656
58 143 17316
58 144 24102
58 145 12519
58 146 24336
58 147 20592
58 148 12168
58 149 24453
58 150 28548
58 151 7956
58 152 21996
58 153 27378
58 154 25272
58 155 20124
58 156 29133
58 157 14976
58 158 19539
58 159 9594
58 160 5382
58 161 6552
58 162 3042
58 163 13806
58 164 18720
58 165 22815
58 166 3276
58 167 5850
58 168 19071
58 169 21879
58 170 28080
58 171 8775
58 172 12636
58 173 27612
58 174 2457
58 175 585
58 176 6084
58 177 26325
58 178 5499
58 179 24687
58 180 18252
58 181 26559
58 182 23400
58 183 10179
58 184 14742
58 185 16848
58 186 2691
58 187 1989
58 188 25155
58 189 26676
58 190 11583
58 191 14859
58 192 10179
58 193 19539
58 194 17784
58 195 5967
58 196 21528
58 197 9711
58 198 23985
58 199 4914
58 200 819
59 59 -3024876
59 60 16530
59 61 13110
59 62 7524
59 63 24282
59 64 7410
59 65 17214
59 66 22686
59 67 10488
59 68 18012
59 69 19380
59 70 1482
59 71 13680
59 72 15846
59 73 10374
59 74 20064
59 75 8664
59 76 12996
59 77 9348
59 78 14022
59 79 9462
59 80 27018
59 81 9348
59 82 16416
59 83 22458
59 84 18924
59 85 24510
59 86 25080
59 87 5358
59 88 22458
59 89 21660
59 90 14934
59 91 16188
59 92 27018
59 93 19494
59 94 21888
59 95 20178
59 96 11172
59 97 16302
59 98 26448
59 99 7524
59 100 19722
59 101 11514
59 102 24852
59 103 26904
59 104 25080
59 105 13908
59 106 26904
59 107 8322
59 108 456
59 109 4332
59 110 13110
59 111 27588
59 112 4560
59 113 3762
59 114 11628
59 115 10260
59 116 456
59 117 16074
59 118 5358
59 119 15960
59 120 2166
59 121 6726
59 122 2052
59 123 15846
59 124 22800
59 125 25992
59 126 10260
59 127 4218
59 128 12198
59 129 7068
59 130 28500
59 131 24966
59 132 28614
59 133 11400
59 134 2850
59 135 14934
59 136 25650
59 137 1824
59 138 10146
59 139 7752
59 140 14250
59 141 19266
59 142 19152
59 143 16872
59 144 23484
59 145 12198
59 146 23712
59 147 20064
59 148 11856
59 149 23826
59 150 27816
59 151 7752
59 152 21432
59 153 26676
59 154 24624
59 155 19608
59 156 28386
59 157 14592
59 158 19038
59 159 9348
59 160 5244
59 161 6384
59 162 2964
59 163 13452
59 164 18240
59 165 22230
59 166 3192
59 167 5700
59 168 18582
59 169 21318
59 170 27360
59 171 8550
59 172 12312
59 173 26904
59 174 2394
59 175 570
59 176 5928
59 177 25650
59 178 5358
59 179 24054
59 180 17784
59 181 25878
59 182 22800
59 183 9918
59 184 14364
59 185 16416
59 186 2622
59 187 1938
59 188 24510
59 189 25992
59 190 11286
59 191 14478
59 192 9918
59 193 19038
59 194 17328
59 195 5814
59 196 20976
59 197 9462
59 198 23370
59 199 4788
59 200 798
60 60 -3842935
60 61 16675
60 62 9570
60 63 30885
60 64 9425
60 65 21895
60 66 28855
60 67 13340
60 68 22910
60 69 24650
60 70 1885
60 71 17400
60 72 20155
60 73 13195
60 74 25520
60 75 11020
60 76 16530
60 77 11890
60 78 17835
60 79 12035
60 80 34365
60 81 11890
60 82 20880
60 83 28565
60 84 24070
60 85 31175
60 86 31900
60 87 6815
60 88 28565
60 89 27550
60 90 18995
60 91 20590
60 92 34365
60 93 24795
60 94 27840
60 95 25665
60 96 14210
60 97 20735
60 98 33640
60 99 9570
60 100 25085
60 101 14645
60 102 31610
60 103 34220
60 104 31900
60 105 17690
60 106 34220
60 107 10585
60 108 580
60 109 5510
60 110 16675
60 111 35090
60 112 5800
60 113 4785
60 114 14790
60 115 13050
60 116 580
60 117 20445
60 118 6815
60 119 20300
60 120 2755
60 121 8555
60 122 2610
60 123 20155
60 124 29000
60 125 33060
60 126 13050
60 127 5365
60 128 15515
60 129 8990
60 130 36250
60 131 31755
60 132 36395
60 133 14500
60 134 3625
60 135 18995
60 136 32625
60 137 2320
60 138 12905
60 139 9860
60 140 18125
60 141 24505
60 142 24360
60 143 21460
60 144 29870
60 145 15515
60 146 30160
60 147 25520
60 148 15080
60 149 30305
60 150 35380
60 151 9860
60 152 27260
60 153 33930
60 154 31320
60 155 24940
60 156 36105
60 157 18560
60 158 24215
60 159 11890
60 160 6670
60 161 8120
60 162 3770
60 163 17110
60 164 23200
60 165 28275
60 166 4060
60 167 7250
60 168 23635
60 169 27115
60 170 34800
60 171 10875
60 172 15660
60 173 34220
60 174 3045
60 175 725
60 176 7540
60 177 32625
60 178 6815
60 179 30595
60 180 22620
60 181 32915
60 182 29000
60 183 12615
60 184 18270
60 185 20880
60 186 3335
60 187 2465
60 188 31175
60 189 33060
60 190 14355
60 191 18415
60 192 12615
60 193 24215
60 194 22040
60 195 7395
60 196 26680
60 197 12035
60 198 29725
60 199 6090
60 200 1015
61 61 -3051295
61 62 7590
61 63 24495
61 64 7475
61 65 17365
61 66 22885
61 67 10580
61 68 18170
61 69 19550
61 70 1495
61 71 13800
61 72 15985
61 73 10465
61 74 20240
61 75 8740
61 76 13110
61 77 9430
61 78 14145
61 79 9545
61 80 27255
61 81 9430
61 82 16560
61 83 22655
61 84 19090
61 85 24725
61 86 25300
61 87 5405
61 88 22655
61 89 21850
61 90 15065
61 91 16330
61 92 27255
61 93 19665
61 94 22080
61 95 20355
61 96 11270
61 97 16445
61 98 26680
61 99 7590
61 100 19895
61 101 11615
61 102 25070
61 103 27140
61 104 25300
61 105 14030
61 106 27140
61 107 8395
61 108 460
61 109 4370
61 110 13225
61 111 27830
61 112 4600
61 113 3795
61 114 11730
61 115 10350
61 116 460
61 117 16215
61 118 5405
61 119 16100
61 120 2185
61 121 6785
61 122 2070
61 123 15985
61 124 23000
61 125 26220
61 126 10350
61 127 4255
61 128 12305
61 129 7130
61 130 28750
61 131 25185
61 132 28865
61 133 11500
61 134 2875
61 135 15065
61 136 25875
61 137 1840
61 138 10235
61 139 7820
61 140 14375
61 141 19435
61 142 19320
61 143 17020
61 144 23690
61 145 12305
61 146 23920
61 147 20240
61 148 11960
61 149 24035
61 150 28060
61 151 7820
61 152 21620
61 153 26910
61 154 24840
61 155 19780
61 156 28635
61 157 14720
61 158 19205
61 159 9430
61 160 5290
61 161 6440
61 162 2990
61 163 13570
61 164 18400
61 165 22425
61 166 3220
61 167 5750
61 168 18745
61 169 21505
61 170 27600
61 171 8625
61 172 12420
61 173 27140
61 174 2415
61 175 575
61 176 5980
61 177 25875
61 178 5405
61 179 24265
61 180 17940
61 181 26105
61 182 23000
61 183 10005
61 184 14490
61 185 16560
61 186 2645
61 187 1955
61 188 24725
61 189 26220
61 190 11385
61 191 14605
61 192 10005
61 193 19205
61 194 17480
61 195 5865
61 196 21160
61 197 9545
61 198 23575
61 199 4830
61 200 805
62 62 -1754412
62 63 14058
62 64 4290
62 65 9966
62 66 13134
62 67 6072
62 68 10428
62 69 11220
62 70 858
62 71 7920
62 72 9174
62 73 6006
62 74 11616
62 75 5016
62 76 7524
62 77 5412
62 78 8118
62 79 5478
62 80 15642
62 81 5412
62 82 9504
62 83 13002
62 84 10956
62 85 14190
62 86 14520
62 87 3102
62 88 13002
62 89 12540
62 90 8646
62 91 9372
62 92 15642
62 93 11286
62 94 12672
62 95 11682
62 96 6468
62 97 9438
62 98 15312
62 99 4356
62 100 11418
62 101 6666
62 102 14388
62 103 15576
62 104 14520
62 105 8052
62 106 15576
62 107 4818
62 108 264
62 109 2508
62 110 7590
62 111 15972
62 112 2640
62 113 2178
62 114 6732
62 115 5940
62 116 264
62 117 9306
62 118 3102
62 119 9240
62 120 1254
62 121 3894
62 122 1188
62 123 9174
62 124 13200
62 125 15048
62 126 5940
62 127 2442
62 128 7062
62 129 4092
62 130 16500
62 131 14454
62 132 16566
62 133 6600
62 134 1650
62 135 8646
62 136 14850
62 137 1056
62 138 5874
62 139 4488
62 140 8250
62 141 11154
62 142 11088
62 143 9768
62 144 13596
62 145 7062
62 146 13728
62 147 11616
62 148 6864
62 149 13794
62 150 16104
62 151 4488
62 152 12408
62 153 15444
62 154 14256
62 155 11352
62 156 16434
62 157 8448
62 158 11022
62 159 5412
62 160 3036
62 161 3696
62 162 1716
62 163 7788
62 164 10560
62 165 12870
62 166 1848
62 167 3300
62 168 10758
62 169 12342
62 170 15840
62 171 4950
62 172 7128
62 173 15576
62 174 1386
62 175 330
62 176 3432
62 177 14850
62 178 3102
62 179 13926
62 180 10296
62 181 14982
62 182 13200
62 183 5742
62 184 8316
62 185 9504
62 186 1518
62 187 1122
62 188 14190
62 189 15048
62 190 6534
62 191 8382
62 192 5742
62 193 11022
62 194 10032
62 195 3366
62 196 12144
62 197 5478
62 198 13530
62 199 2772
62 200 462
63 63 -5630655
63 64 13845
63 65 32163
63 66 42387
63 67 19596
63 68 33654
63 69 36210
63 70 2769
63 71 25560
63 72 29607
63 73 19383
63 74 37488
63 75 16188
63 76 24282
63 77 17466
63 78 26199
63 79 17679
63 80 50481
63 81 17466
63 82 30672
63 83 41961
63 84 35358
63 85 45795
63 86 46860
63 87 10011
63 88 41961
63 89 40470
63 90 27903
63 91 30246
63 92 50481
63 93 36423
63 94 40896
63 95 37701
63 96 20874
63 97 30459
63 98 49416
63 99 14058
63 100 36849
63 101 21513
63 102 46434
63 103 50268
63 104 46860
63 105 25986
63 106 50268
63 107 15549
63 108 852
63 109 8094
63 110 24495
63 111 51546
63 112 8520
63 113 7029
63 114 21726
63 115 19170
63 116 852
63 117 30033
63 118 10011
63 119 29820
63 120 4047
63 121 12567
63 122 3834
63 123 29607
63 124 42600
63 125 48564
63 126 19170
63 127 7881
63 128 22791
63 129 13206
63 130 53250
63 131 46647
63 132 53463
63 133 21300
63 134 5325
63 135 27903
63 136 47925
63 137 3408
63 138 18957
63 139 14484
63 140 26625
63 141 35997
63 142 35784
63 143 31524
63 144 43878
63 145 22791
63 146 44304
63 147 37488
63 148 22152
63 149 44517
63 150 51972
63 151 14484
63 152 40044
63 153 49842
63 154 46008
63 155 36636
63 156 53037
63 157 27264
63 158 35571
63 159 17466
63 160 9798
63 161 11928
63 162 5538
63 163 25134
63 164 34080
63 165 41535
63 166 5964
63 167 10650
63 168 34719
63 169 39831
63 170 51120
63 171 15975
63 172 23004
63 173 50268
63 174 4473
63 175 1065
63 176 11076
63 177 47925
63 178 10011
63 179 44943
63 180 33228
63 181 48351
63 182 42600
63 183 18531
63 184 26838
63 185 30672
63 186 4899
63 187 3621
63 188 45795
63 189 48564
63 190 21087
63 191 27051
63 192 18531
63 193 35571
63 194 32376
63 195 10863
63 196 39192
63 197 17679
63 198 43665
63 199 8946
63 200 1491
64 64 -1727895
64 65 9815
64 66 12935
64 67 5980
64 68 10270
64 69 11050
64 70 845
64 71 7800
64 72 9035
64 73 5915
64 74 11440
64 75 4940
64 76 7410
64 77 5330
64 78 7995
64 79 5395
64 80 15405
64 81 5330
64 82 9360
64 83 12805
64 84 10790
64 85 13975
64 86 14300
64 87 3055
64 88 12805
64 89 12350
64 90 8515
64 91 9230
64 92 15405
64 93 11115
64 94 12480
64 95 11505
64 96 6370
64 97 9295
64 98 15080
64 99 4290
64 100 11245
64 101 6565
64 102 14170
64 103 15340
64 104 14300
64 105 7930
64 106 15340
64 107 4745
64 108 260
64 109 2470
64 110 7475
64 111 15730
64 112 2600
64 113 2145
64 114 6630
64 115 5850
64 116 260
64 117 9165
64 118 3055
64 119 9100
64 120 1235
64 121 3835
64 122 1170
64 123 9035
64 124 13000
64 125 14820
64 126 5850
64 127 2405
64 128 6955
64 129 4030
64 130 16250
64 131 14235
64 132 16315
64 133 6500
64 134 1625
64 135 8515
64 136 14625
64 137 1040
64 138 5785
64 139 4420
64 140 8125
64 141 10985
64 142 10920
64 143 9620
64 144 13390
64 145 6955
64 146 13520
64 147 11440
64 148 6760
64 149 13585
64 150 15860
64 151 4420
64 152 12220
64 153 15210
64 154 14040
64 155 11180
64 156 16185
64 157 8320
64 158 10855
64 159 5330
64 160 2990
64 161 3640
64 162 1690
64 163 7670
64 164 10400
64 165 12675
64 166 1820
64 167 3250
64 168 10595
64 169 12155
64 170 15600
64 171 4875
64 172 7020
64 173 15340
64 174 1365
64 175 325
64 176 3380
64 177 14625
64 178 3055
64 179 13715
64 180 10140
64 181 14755
64 182 13000
64 183 5655
64 184 8190
64 185 9360
64 186 1495
64 187 1105
64 188 13975
64 189 14820
64 190 6435
64 191 8255
64 192 5655
64 193 10855
64 194 9880
64 195 3315
64 196 11960
64 197 5395
64 198 13325
64 199 2730
64 200 455
65 65 -4001047
65 66 30049
65 67 13892
65 68 23858
65 69 25670
65 70 1963
65 71 18120
65 72 20989
65 73 13741
65 74 26576
65 75 11476
65 76 17214
65 77 12382
65 78 18573
65 79 12533
65 80 35787
65 81 12382
65 82 21744
65 83 29747
65 84 25066
65 85 32465
65 86 33220
65 87 7097
65 88 29747
65 89 28690
65 90 19781
65 91 21442
65 92 35787
65 93 25821
65 94 28992
65 95 26727
65 96 14798
65 97 21593
65 98 35032
65 99 9966
65 100 26123
65 101 15251
65 102 32918
65 103 35636
65 104 33220
65 105 18422
65 106 35636
65 107 11023
65 108 604
65 109 5738
65 110 17365
65 111 36542
65 112 6040
65 113 4983
65 114 15402
65 115 13590
65 116 604
65 117 21291
65 118 7097
65 119 21140
65 120 2869
65 121 8909
65 122 2718
65 123 20989
65 124 30200
65 125 34428
65 126 13590
65 127 5587
65 128 16157
65 129 9362
65 130 37750
65 131 33069
65 132 37901
65 133 15100
65 134 3775
65 135 19781
65 136 33975
65 137 2416
65 138 13439
65 139 10268
65 140 18875
65 141 25519
65 142 25368
65 143 22348
65 144 31106
65 145 16157
65 146 31408
65 147 26576
65 148 15704
65 149 31559
65 150 36844
65 151 10268
65 152 28388
65 153 35334
65 154 32616
65 155 25972
65 156 37599
65 157 19328
65 158 25217
65 159 12382
65 160 6946
65 161 8456
65 162 3926
65 163 17818
65 164 24160
65 165 29445
65 166 4228
65 167 7550
65 168 24613
65 169 28237
65 170 36240
65 171 11325
65 172 16308
65 173 35636
65 174 3171
65 175 755
65 176 7852
65 177 33975
65 178 7097
65 179 31861
65 180 23556
65 181 34277
65 182 30200
65 183 13137
65 184 19026
65 185 21744
65 186 3473
65 187 2567
65 188 32465
65 189 34428
65 190 14949
65 191 19177
65 192 13137
65 193 25217
65 194 22952
65 195 7701
65 196 27784
65 197 12533
65 198 30955
65 199 6342
65 200 1057
66 66 -5263351
66 67 18308
66 68 31442
66 69 33830
66 70 2587
66 71 23880
66 72 27661
66 73 18109
66 74 35024
66 75 15124
66 76 22686
66 77 16318
66 78 24477
66 79 16517
66 80 47163
66 81 16318
66 82 28656
66 83 39203
66 84 33034
66 85 42785
66 86 43780
66 87 9353
66 88 39203
66 89 37810
66 90 26069
66 91 28258
66 92 47163
66 93 34029
66 94 38208
66 95 35223
66 96 19502
66 97 28457
66 98 46168
66 99 13134
66 100 34427
66 101 20099
66 102 43382
66 103 46964
66 104 43780
66 105 24278
66 106 46964
66 107 14527
66 108 796
66 109 7562
66 110 22885
66 111 48158
66 112 7960
66 113 6567
66 114 20298
66 115 17910
66 116 796
66 117 28059
66 118 9353
66 119 27860
66 120 3781
66 121 11741
66 122 3582
66 123 27661
66 124 39800
66 125 45372
66 126 17910
66 127 7363
66 128 21293
66 129 12338
66 130 49750
66 131 43581
66 132 49949
66 133 19900
66 134 4975
66 135 26069
66 136 44775
66 137 3184
66 138 17711
66 139 13532
66 140 24875
66 141 33631
66 142 33432
66 143 29452
66 144 40994
66 145 21293
66 146 41392
66 147 35024
66 148 20696
66 149 41591
66 150 48556
66 151 13532
66 152 37412
66 153 46566
66 154 42984
66 155 34228
66 156 49551
66 157 25472
66 158 33233
66 159 16318
66 160 9154
66 161 11144
66 162 5174
66 163 23482
66 164 31840
66 165 38805
66 166 5572
66 167 9950
66 168 32437
66 169 37213
66 170 47760
66 171 14925
66 172 21492
66 173 46964
66 174 4179
66 175 995
66 176 10348
66 177 44775
66 178 9353
66 179 41989
66 180 31044
66 181 45173
66 182 39800
66 183 17313
66 184 25074
66 185 28656
66 186 4577
66 187 3383
66 188 42785
66 189 45372
66 190 19701
66 191 25273
66 192 17313
66 193 33233
66 194 30248
66 195 10149
66 196 36616
66 197 16517
66 198 40795
66 199 8358
66 200 1393
67 67 -2443152
67 68 14536
67 69 15640
67 70 1196
67 71 11040
67 72 12788
67 73 8372
67 74 16192
67 75 6992
67 76 10488
67 77 7544
67 78 11316
67 79 7636
67 80 21804
67 81 7544
67 82 13248
67 83 18124
67 84 15272
67 85 19780
67 86 20240
67 87 4324
67 88 18124
67 89 17480
67 90 12052
67 91 13064
67 92 21804
67 93 15732
67 94 17664
67 95 16284
67 96 9016
67 97 13156
67 98 21344
67 99 6072
67 100 15916
67 101 9292
67 102 20056
67 103 21712
67 104 20240
67 105 11224
67 106 21712
67 107 6716
67 108 368
67 109 3496
67 110 10580
67 111 22264
67 112 3680
67 113 3036
67 114 9384
67 115 8280
67 116 368
67 117 12972
67 118 4324
67 119 12880
67 120 1748
67 121 5428
67 122 1656
67 123 12788
67 124 18400
67 125 20976
67 126 8280
67 127 3404
67 128 9844
67 129 5704
67 130 23000
67 131 20148
67 132 23092
67 133 9200
67 134 2300
67 135 12052
67 136 20700
67 137 1472
67 138 8188
67 139 6256
67 140 11500
67 141 15548
67 142 15456
67 143 13616
67 144 18952
67 145 9844
67 146 19136
67 147 16192
67 148 9568
67 149 19228
67 150 22448
67 151 6256
67 152 17296
67 153 21528
67 154 19872
67 155 15824
67 156 22908
67 157 11776
67 158 15364
67 159 7544
67 160 4232
67 161 5152
67 162 2392
67 163 10856
67 164 14720
67 165 17940
67 166 2576
67 167 4600
67 168 14996
67 169 17204
67 170 22080
67 171 6900
67 172 9936
67 173 21712
67 174 1932
67 175 460
67 176 4784
67 177 20700
67 178 4324
67 179 19412
67 180 14352
67 181 20884
67 182 18400
67 183 8004
67 184 11592
67 185 13248
67 186 2116
67 187 1564
67 188 19780
67 189 20976
67 190 9108
67 191 11684
67 192 8004
67 193 15364
67 194 13984
67 195 4692
67 196 16928
67 197 7636
67 198 18860
67 199 3864
67 200 644
68 68 -4185420
68 69 26860
68 70 2054
68 71 18960
68 72 21962
68 73 14378
68 74 27808
68 75 12008
68 76 18012
68 77 12956
68 78 19434
68 79 13114
68 80 37446
68 81 12956
68 82 22752
68 83 31126
68 84 26228
68 85 33970
68 86 34760
68 87 7426
68 88 31126
68 89 30020
68 90 20698
68 91 22436
68 92 37446
68 93 27018
68 94 30336
68 95 27966
68 96 15484
68 97 22594
68 98 36656
68 99 10428
68 100 27334
68 101 15958
68 102 34444
68 103 37288
68 104 34760
68 105 19276
68 106 37288
68 107 11534
68 108 632
68 109 6004
68 110 18170
68 111 38236
68 112 6320
68 113 5214
68 114 16116
68 115 14220
68 116 632
68 117 22278
68 118 7426
68 119 22120
68 120 3002
68 121 9322
68 122 2844
68 123 21962
68 124 31600
68 125 36024
68 126 14220
68 127 5846
68 128 16906
68 129 9796
68 130 39500
68 131 34602
68 132 39658
68 133 15800
68 134 3950
68 135 20698
68 136 35550
68 137 2528
68 138 14062
68 139 10744
68 140 19750
68 141 26702
68 142 26544
68 143 23384
68 144 32548
68 145 16906
68 146 32864
68 147 27808
68 148 16432
68 149 33022
68 150 38552
68 151 10744
68 152 29704
68 153 36972
68 154 34128
68 155 27176
68 156 39342
68 157 20224
68 158 26386
68 159 12956
68 160 7268
68 161 8848
68 162 4108
68 163 18644
68 164 25280
68 165 30810
68 166 4424
68 167 7900
68 168 25754
68 169 29546
68 170 37920
68 171 11850
68 172 17064
68 173 37288
68 174 3318
68 175 790
68 176 8216
68 177 35550
68 178 7426
68 179 33338
68 180 24648
68 181 35866
68 182 31600
68 183 13746
68 184 19908
68 185 22752
68 186 3634
68 187 2686
68 188 33970
68 189 36024
68 190 15642
68 191 20066
68 192 13746
68 193 26386
68 194 24016
68 195 8058
68 196 29072
68 197 13114
68 198 32390
68 199 6636
68 200 1106
69 69 -4501260
69 70 2210
69 71 20400
69 72 23630
69 73 15470
69 74 29920
69 75 12920
69 76 19380
69 77 13940
69 78 20910
69 79 14110
69 80 40290
69 81 13940
69 82 24480
69 83 33490
69 84 28220
69 85 36550
69 86 37400
69 87 7990
69 88 33490
69 89 32300
69 90 22270
69 91 24140
69 92 40290
69 93 29070
69 94 32640
69 95 30090
69 96 16660
69 97 24310
69 98 39440
69 99 11220
69 100 29410
69 101 17170
69 102 37060
69 103 40120
69 104 37400
69 105 20740
69 106 40120
69 107 12410
69 108 680
69 109 6460
69 110 19550
69 111 41140
69 112 6800
69 113 5610
69 114 17340
69 115 15300
69 116 680
69 117 23970
69 118 7990
69 119 23800
69 120 3230
69 121 10030
69 122 3060
69 123 23630
69 124 34000
69 125 38760
69 126 15300
69 127 6290
69 128 18190
69 129 10540
69 130 42500
69 131 37230
69 132 42670
69 133 17000
69 134 4250
69 135 22270
69 136 38250
69 137 2720
69 138 15130
69 139 11560
69 140 21250
69 141 28730
69 142 28560
69 143 25160
69 144 35020
69 145 18190
69 146 35360
69 147 29920
69 148 17680
69 149 35530
69 150 41480
69 151 11560
69 152 31960
69 153 39780
69 154 36720
69 155 29240
69 156 42330
69 157 21760
69 158 28390
69 159 13940
69 160 7820
69 161 9520
69 162 4420
69 163 20060
69 164 27200
69 165 33150
69 166 4760
69 167 8500
69 168 27710
69 169 31790
69 170 40800
69 171 12750
69 172 18360
69 173 40120
69 174 3570
69 175 850
69 176 8840
69 177 38250
69 178 7990
69 179 35870
69 180 26520
69 181 38590
69 182 34000
69 183 14790
69 184 21420
69 185 24480
69 186 3910
69 187 2890
69 188 36550
69 189 38760
69 190 16830
69 191 21590
69 192 14790
69 193 28390
69 194 25840
69 195 8670
69 196 31280
69 197 14110
69 198 34850
69 199 7140
69 200 1190
70 70 -346255
70 71 1560
70 72 1807
70 73 1183
70 74 2288
70 75 988
70 76 1482
70 77 1066
70 78 1599
70 79 1079
70 80 3081
70 81 1066
70 82 1872
70 83 2561
70 84 2158
70 85 2795
70 86 2860
70 87 611
70 88 2561
70 89 2470
70 90 1703
70 91 1846
70 92 3081
70 93 2223
70 94 2496
70 95 2301
70 96 1274
70 97 1859
70 98 3016
70 99 858
70 100 2249
70 101 1313
70 102 2834
70 103 3068
70 104 2860
70 105 1586
70 106 3068
70 107 949
70 108 52
70 109 494
70 110 1495
70 111 3146
70 112 520
70 113 429
70 114 1326
70 115 1170
70 116 52
70 117 1833
70 118 611
70 119 1820
70 120 247
70 121 767
70 122 234
70 123 1807
70 124 2600
70 125 2964
70 126 1170
70 127 481
70 128 1391
70 129 806
70 130 3250
70 131 2847
70 132 3263
70 133 1300
70 134 325
70 135 1703
70 136 2925
70 137 208
70 138 1157
70 139 884
70 140 1625
70 141 2197
70 142 2184
70 143 1924
70 144 2678
70 145 1391
70 146 2704
70 147 2288
70 148 1352
70 149 2717
70 150 3172
70 151 884
70 152 2444
70 153 3042
70 154 2808
70 155 2236
70 156 3237
70 157 1664
70 158 2171
70 159 1066
70 160 598
70 161 728
70 162 338
70 163 1534
70 164 2080
70 165 2535
70 166 364
70 167 650
70 168 2119
70 169 2431
70 170 3120
70 171 975
70 172 1404
70 173 3068
70 174 273
70 175 65
70 176 676
70 177 2925
70 178 611
70 179 2743
70 180 2028
70 181 2951
70 182 2600
70 183 1131
70 184 1638
70 185 1872
70 186 299
70 187 221
70 188 2795
70 189 2964
70 190 1287
70 191 1651
70 192 1131
70 193 2171
70 194 1976
70 195 663
70 196 2392
70 197 1079
70 198 2665
70 199 546
70 200 91
71 71 -3183360
71 72 16680
71 73 10920
71 74 21120
71 75 9120
71 76 13680
71 77 9840
71 78 14760
71 79 9960
71 80 28440
71 81 9840
71 82 17280
71 83 23640
71 84 19920
71 85 25800
71 86 26400
71 87 5640
71 88 23640
71 89 22800
71 90 15720
71 91 17040
71 92 28440
71 93 20520
71 94 23040
71 95 21240
71 96 11760
71 97 17160
71 98 27840
71 99 7920
71 100 20760
71 101 12120
71 102 26160
71 103 28320
71 104 26400
71 105 14640
71 106 28320
71 107 8760
71 108 480
71 109 4560
71 110 13800
71 111 29040
71 112 4800
71 113 3960
71 114 12240
71 115 10800
71 116 480
71 117 16920
71 118 5640
71 119 16800
71 120 2280
71 121 7080
71 122 2160
71 123 16680
71 124 24000
71 125 27360
71 126 10800
71 127 4440
71 128 12840
71 129 7440
71 130 30000
71 131 26280
71 132 30120
71 133 12000
71 134 3000
71 135 15720
71 136 27000
71 137 1920
71 138 10680
71 139 8160
71 140 15000
71 141 20280
71 142 20160
71 143 17760
71 144 24720
71 145 12840
71 146 24960
71 147 21120
71 148 12480
71 149 25080
71 150 29280
71 151 8160
71 152 22560
71 153 28080
71 154 25920
71 155 20640
71 156 29880
71 157 15360
71 158 20040
71 159 9840
71 160 5520
71 161 6720
71 162 3120
71 163 14160
71 164 19200
71 165 23400
71 166 3360
71 167 6000
71 168 19560
71 169 22440
71 170 28800
71 171 9000
71 172 12960
71 173 28320
71 174 2520
71 175 600
71 176 6240
71 177 27000
71 178 5640
71 179 25320
71 180 18720
71 181 27240
71 182 24000
71 183 10440
71 184 15120
71 185 17280
71 186 2760
71 187 2040
71 188 25800
71 189 27360
71 190 11880
71 191 15240
71 192 10440
71 193 20040
71 194 18240
71 195 6120
71 196 22080
71 197 9960
71 198 24600
71 199 5040
71 200 840
72 72 -3684751
72 73 12649
72 74 24464
72 75 10564
72 76 15846
72 77 11398
72 78 17097
72 79 11537
72 80 32943
72 81 11398
72 82 20016
72 83 27383
72 84 23074
72 85 29885
72 86 30580
72 87 6533
72 88 27383
72 89 26410
72 90 18209
72 91 19738
72 92 32943
72 93 23769
72 94 26688
72 95 24603
72 96 13622
72 97 19877
72 98 32248
72 99 9174
72 100 24047
72 101 14039
72 102 30302
72 103 32804
72 104 30580
72 105 16958
72 106 32804
72 107 10147
72 108 556
72 109 5282
72 110 15985
72 111 33638
72 112 5560
72 113 4587
72 114 14178
72 115 12510
72 116 556
72 117 19599
72 118 6533
72 119 19460
72 120 2641
72 121 8201
72 122 2502
72 123 19321
72 124 27800
72 125 31692
72 126 12510
72 127 5143
72 128 14873
72 129 8618
72 130 34750
72 131 30441
72 132 34889
72 133 13900
72 134 3475
72 135 18209
72 136 31275
72 137 2224
72 138 12371
72 139 9452
72 140 17375
72 141 23491
72 142 23352
72 143 20572
72 144 28634
72 145 14873
72 146 28912
72 147 24464
72 148 14456
72 149 29051
72 150 33916
72 151 9452
72 152 26132
72 153 32526
72 154 30024
72 155 23908
72 156 34611
72 157 17792
72 158 23213
72 159 11398
72 160 6394
72 161 7784
72 162 3614
72 163 16402
72 164 22240
72 165 27105
72 166 3892
72 167 6950
72 168 22657
72 169 25993
72 170 33360
72 171 10425
72 172 15012
72 173 32804
72 174 2919
72 175 695
72 176 7228
72 177 31275
72 178 6533
72 179 29329
72 180 21684
72 181 31553
72 182 27800
72 183 12093
72 184 17514
72 185 20016
72 186 3197
72 187 2363
72 188 29885
72 189 31692
72 190 13761
72 191 17653
72 192 12093
72 193 23213
72 194 21128
72 195 7089
72 196 25576
72 197 11537
72 198 28495
72 199 5838
72 200 973
73 73 -2416687
73 74 16016
73 75 6916
73 76 10374
73 77 7462
73 78 11193
73 79 7553
73 80 21567
73 81 7462
73 82 13104
73 83 17927
73 84 15106
73 85 19565
73 86 20020
73 87 4277
73 88 17927
73 89 17290
73 90 11921
73 91 12922
73 92 21567
73 93 15561
73 94 17472
73 95 16107
73 96 8918
73 97 13013
73 98 21112
73 99 6006
73 100 15743
73 101 9191
73 102 19838
73 103 21476
73 104 20020
73 105 11102
73 106 21476
73 107 6643
73 108 364
73 109 3458
73 110 10465
73 111 22022
73 112 3640
73 113 3003
73 114 9282
73 115 8190
73 116 364
73 117 12831
73 118 4277
73 119 12740
73 120 1729
73 121 5369
73 122 1638
73 123 12649
73 124 18200
73 125 20748
73 126 8190
73 127 3367
73 128 9737
73 129 5642
73 130 22750
73 131 19929
73 132 22841
73 133 9100
73 134 2275
73 135 11921
73 136 20475
73 137 1456
73 138 8099
73 139 6188
73 140 11375
73 141 15379
73 142 15288
73 143 13468
73 144 18746
73 145 9737
73 146 18928
73 147 16016
73 148 9464
73 149 19019
73 150 22204
73 151 6188
73 152 17108
73 153 21294
73 154 19656
73 155 15652
73 156 22659
73 157 11648
73 158 15197
73 159 7462
73 160 4186
73 161 5096
73 162 2366
73 163 10738
73 164 14560
73 165 17745
73 166 2548
73 167 4550
73 168 14833
73 169 17017
73 170 21840
73 171 6825
73 172 9828
73 173 21476
73 174 1911
73 175 455
73 176 4732
73 177 20475
73 178 4277
73 179 19201
73 180 14196
73 181 20657
73 182 18200
73 183 7917
73 184 11466
73 185 13104
73 186 2093
73 187 1547
73 188 19565
73 189 20748
73 190 9009
73 191 11557
73 192 7917
73 193 15197
73 194 13832
73 195 4641
73 196 16744
73 197 7553
73 198 18655
73 199 3822
73 200 637
74 74 -4659072
74 75 13376
74 76 20064
74 77 14432
74 78 21648
74 79 14608
74 80 41712
74 81 14432
74 82 25344
74 83 34672
74 84 29216
74 85 37840
74 86 38720
74 87 8272
74 88 34672
74 89 33440
74 90 23056
74 91 24992
74 92 41712
74 93 30096
74 94 33792
74 95 31152
74 96 17248
74 97 25168
74 98 40832
74 99 11616
74 100 30448
74 101 17776
74 102 38368
74 103 41536
74 104 38720
74 105 21472
74 106 41536
74 107 12848
74 108 704
74 109 6688
74 110 20240
74 111 42592
74 112 7040
74 113 5808
74 114 17952
74 115 15840
74 116 704
74 117 24816
74 118 8272
74 119 24640
74 120 3344
74 121 10384
74 122 3168
74 123 24464
74 124 35200
74 125 40128
74 126 15840
74 127 6512
74 128 18832
74 129 10912
74 130 44000
74 131 38544
74 132 44176
74 133 17600
74 134 4400
74 135 23056
74 136 39600
74 137 2816
74 138 15664
74 139 11968
74 140 22000
74 141 29744
74 142 29568
74 143 26048
74 144 36256
74 145 18832
74 146 36608
74 147 30976
74 148 18304
74 149 36784
74 150 42944
74 151 11968
74 152 33088
74 153 41184
74 154 38016
74 155 30272
74 156 43824
74 157 22528
74 158 29392
74 159 14432
74 160 8096
74 161 9856
74 162 4576
74 163 20768
74 164 28160
74 165 34320
74 166 4928
74 167 8800
74 168 28688
74 169 32912
74 170 42240
74 171 13200
74 172 19008
74 173 41536
74 174 3696
74 175 880
74 176 9152
74 177 39600
74 178 8272
74 179 37136
74 180 27456
74 181 39952
74 182 35200
74 183 15312
74 184 22176
74 185 25344
74 186 4048
74 187 2992
74 188 37840
74 189 40128
74 190 17424
74 191 22352
74 192 15312
74 193 29392
74 194 26752
74 195 8976
74 196 32384
74 197 14608
74 198 36080
74 199 7392
74 200 1232
75 75 -2019472
75 76 8664
75 77 6232
75 78 9348
75 79 6308
75 80 18012
75 81 6232
75 82 10944
75 83 14972
75 84 12616
75 85 16340
75 86 16720
75 87 3572
75 88 14972
75 89 14440
75 90 9956
75 91 10792
75 92 18012
75 93 12996
75 94 14592
75 95 13452
75 96 7448
75 97 10868
75 98 17632
75 99 5016
75 100 13148
75 101 7676
75 102 16568
75 103 17936
75 104 16720
75 105 9272
75 106 17936
75 107 5548
75 108 304
75 109 2888
75 110 8740
75 111 18392
75 112 3040
75 113 2508
75 114 7752
75 115 6840
75 116 304
75 117 10716
75 118 3572
75 119 10640
75 120 1444
75 121 4484
75 122 1368
75 123 10564
75 124 15200
75 125 17328
75 126 6840
75 127 2812
75 128 8132
75 129 4712
75 130 19000
75 131 16644
75 132 19076
75 133 7600
75 134 1900
75 135 9956
75 136 17100
75 137 1216
75 138 6764
75 139 5168
75 140 9500
75 141 12844
75 142 12768
75 143 11248
75 144 15656
75 145 8132
75 146 15808
75 147 13376
75 148 7904
75 149 15884
75 150 18544
75 151 5168
75 152 14288
75 153 17784
75 154 16416
75 155 13072
75 156 18924
75 157 9728
75 158 12692
75 159 6232
75 160 3496
75 161 4256
75 162 1976
75 163 8968
75 164 12160
75 165 14820
75 166 2128
75 167 3800
75 168 12388
75 169 14212
75 170 18240
75 171 5700
75 172 8208
75 173 17936
75 174 1596
75 175 380
75 176 3952
75 177 17100
75 178 3572
75 179 16036
75 180 11856
75 181 17252
75 182 15200
75 183 6612
75 184 9576
75 185 10944
75 186 1748
75 187 1292
75 188 16340
75 189 17328
75 190 7524
75 191 9652
75 192 6612
75 193 12692
75 194 11552
75 195 3876
75 196 13984
75 197 6308
75 198 15580
75 199 3192
75 200 532
76 76 -3024876
76 77 9348
76 78 14022
76 79 9462
76 80 27018
76 81 9348
76 82 16416
76 83 22458
76 84 18924
76 85 24510
76 86 25080
76 87 5358
76 88 22458
76 89 21660
76 90 14934
76 91 16188
76 92 27018
76 93 19494
76 94 21888
76 95 20178
76 96 11172
76 97 16302
76 98 26448
76 99 7524
76 100 19722
76 101 11514
76 102 24852
76 103 26904
76 104 25080
76 105 13908
76 106 26904
76 107 8322
76 108 456
76 109 4332
76 110 13110
76 111 27588
76 112 4560
76 113 3762
76 114 11628
76 115 10260
76 116 456
76 117 16074
76 118 5358
76 119 15960
76 120 2166
76 121 6726
76 122 2052
76 123 15846
76 124 22800
76 125 25992
76 126 10260
76 127 4218
76 128 12198
76 129 7068
76 130 28500
76 131 24966
76 132 28614
76 133 11400
76 134 2850
76 135 14934
76 136 25650
76 137 1824
76 138 10146
76 139 7752
76 140 14250
76 141 19266
76 142 19152
76 143 16872
76 144 23484
76 145 12198
76 146 23712
76 147 20064
76 148 11856
76 149 23826
76 150 27816
76 151 7752
76 152 21432
76 153 26676
76 154 24624
76 155 19608
76 156 28386
76 157 14592
76 158 19038
76 159 9348
76 160 5244
76 161 6384
76 162 2964
76 163 13452
76 164 18240
76 165 22230
76 166 3192
76 167 5700
76 168 18582
76 169 21318
76 170 27360
76 171 8550
76 172 12312
76 173 26904
76 174 2394
76 175 570
76 176 5928
76 177 25650
76 178 5358
76 179 24054
76 180 17784
76 181 25878
76 182 22800
76 183 9918
76 184 14364
76 185 16416
76 186 2622
76 187 1938
76 188 24510
76 189 25992
76 190 11286
76 191 14478
76 192 9918
76 193 19038
76 194 17328
76 195 5814
76 196 20976
76 197 9462
76 198 23370
76 199 4788
76 200 798
77 77 -2178412
77 78 10086
77 79 6806
77 80 19434
77 81 6724
77 82 11808
77 83 16154
77 84 13612
77 85 17630
77 86 18040
77 87 3854
77 88 16154
77 89 15580
77 90 10742
77 91 11644
77 92 19434
77 93 14022
77 94 15744
77 95 14514
77 96 8036
77 97 11726
77 98 19024
77 99 5412
77 100 14186
77 101 8282
77 102 17876
77 103 19352
77 104 18040
77 105 10004
77 106 19352
77 107 5986
77 108 328
77 109 3116
77 110 9430
77 111 19844
77 112 3280
77 113 2706
77 114 8364
77 115 7380
77 116 328
77 117 11562
77 118 3854
77 119 11480
77 120 1558
77 121 4838
77 122 1476
77 123 11398
77 124 16400
77 125 18696
77 126 7380
77 127 3034
77 128 8774
77 129 5084
77 130 20500
77 131 17958
77 132 20582
77 133 8200
77 134 2050
77 135 10742
77 136 18450
77 137 1312
77 138 7298
77 139 5576
77 140 10250
77 141 13858
77 142 13776
77 143 12136
77 144 16892
77 145 8774
77 146 17056
77 147 14432
77 148 8528
77 149 17138
77 150 20008
77 151 5576
77 152 15416
77 153 19188
77 154 17712
77 155 14104
77 156 20418
77 157 10496
77 158 13694
77 159 6724
77 160 3772
77 161 4592
77 162 2132
77 163 9676
77 164 13120
77 165 15990
77 166 2296
77 167 4100
77 168 13366
77 169 15334
77 170 19680
77 171 6150
77 172 8856
77 173 19352
77 174 1722
77 175 410
77 176 4264
77 177 18450
77 178 3854
77 179 17302
77 180 12792
77 181 18614
77 182 16400
77 183 7134
77 184 10332
77 185 11808
77 186 1886
77 187 1394
77 188 17630
77 189 18696
77 190 8118
77 191 10414
77 192 7134
77 193 13694
77 194 12464
77 195 4182
77 196 15088
77 197 6806
77 198 16810
77 199 3444
77 200 574
78 78 -3262575
78 79 10209
78 80 29151
78 81 10086
78 82 17712
78 83 24231
78 84 20418
78 85 26445
78 86 27060
78 87 5781
78 88 24231
78 89 23370
78 90 16113
78 91 17466
78 92 29151
78 93 21033
78 94 23616
78 95 21771
78 96 12054
78 97 17589
78 98 28536
78 99 8118
78 100 21279
78 101 12423
78 102 26814
78 103 29028
78 104 27060
78 105 15006
78 106 29028
78 107 8979
78 108 492
78 109 4674
78 110 14145
78 111 29766
78 112 4920
78 113 4059
78 114 12546
78 115 11070
78 116 492
78 117 17343
78 118 5781
78 119 17220
78 120 2337
78 121 7257
78 122 2214
78 123 17097
78 124 24600
78 125 28044
78 126 11070
78 127 4551
78 128 13161
78 129 7626
78 130 30750
78 131 26937
78 132 30873
78 133 12300
78 134 3075
78 135 16113
78 136 27675
78 137 1968
78 138 10947
78 139 8364
78 140 15375
78 141 20787
78 142 20664
78 143 18204
78 144 25338
78 145 13161
78 146 25584
78 147 21648
78 148 12792
78 149 25707
78 150 30012
78 151 8364
78 152 23124
78 153 28782
78 154 26568
78 155 21156
78 156 30627
78 157 15744
78 158 20541
78 159 10086
78 160 5658
78 161 6888
78 162 3198
78 163 14514
78 164 19680
78 165 23985
78 166 3444
78 167 6150
78 168 20049
78 169 23001
78 170 29520
78 171 9225
78 172 13284
78 173 29028
78 174 2583
78 175 615
78 176 6396
78 177 27675
78 178 5781
78 179 25953
78 180 19188
78 181 27921
78 182 24600
78 183 10701
78 184 15498
78 185 17712
78 186 2829
78 187 2091
78 188 26445
78 189 28044
78 190 12177
78 191 15621
78 192 10701
78 193 20541
78 194 18696
78 195 6273
78 196 22632
78 197 10209
78 198 25215
78 199 5166
78 200 861
79 79 -2204895
79 80 19671
79 81 6806
79 82 11952
79 83 16351
79 84 13778
79 85 17845
79 86 18260
79 87 3901
79 88 16351
79 89 15770
79 90 10873
79 91 11786
79 92 19671
79 93 14193
79 94 15936
79 95 14691
79 96 8134
79 97 11869
79 98 19256
79 99 5478
79 100 14359
79 101 8383
79 102 18094
79 103 19588
79 104 18260
79 105 10126
79 106 19588
79 107 6059
79 108 332
79 109 3154
79 110 9545
79 111 20086
79 112 3320
79 113 2739
79 114 8466
79 115 7470
79 116 332
79 117 11703
79 118 3901
79 119 11620
79 120 1577
79 121 4897
79 122 1494
79 123 11537
79 124 16600
79 125 18924
79 126 7470
79 127 3071
79 128 8881
79 129 5146
79 130 20750
79 131 18177
79 132 20833
79 133 8300
79 134 2075
79 135 10873
79 136 18675
79 137 1328
79 138 7387
79 139 5644
79 140 10375
79 141 14027
79 142 13944
79 143 12284
79 144 17098
79 145 8881
79 146 17264
79 147 14608
79 148 8632
79 149 17347
79 150 20252
79 151 5644
79 152 15604
79 153 19422
79 154 17928
79 155 14276
79 156 20667
79 157 10624
79 158 13861
79 159 6806
79 160 3818
79 161 4648
79 162 2158
79 163 9794
79 164 13280
79 165 16185
79 166 2324
79 167 4150
79 168 13529
79 169 15521
79 170 19920
79 171 6225
79 172 8964
79 173 19588
79 174 1743
79 175 415
79 176 4316
79 177 18675
79 178 3901
79 179 17513
79 180 12948
79 181 18841
79 182 16600
79 183 7221
79 184 10458
79 185 11952
79 186 1909
79 187 1411
79 188 17845
79 189 18924
79 190 8217
79 191 10541
79 192 7221
79 193 13861
79 194 12616
79 195 4233
79 196 15272
79 197 6889
79 198 17015
79 199 3486
79 200 581
80 80 -6259407
80 81 19434
80 82 34128
80 83 46689
80 84 39342
80 85 50955
80 86 52140
80 87 11139
80 88 46689
80 89 45030
80 90 31047
80 91 33654
80 92 56169
80 93 40527
80 94 45504
80 95 41949
80 96 23226
80 97 33891
80 98 54984
80 99 15642
80 100 41001
80 101 23937
80 102 51666
80 103 55932
80 104 52140
80 105 28914
80 106 55932
80 107 17301
80 108 948
80 109 9006
80 110 27255
80 111 57354
80 112 9480
80 113 7821
80 114 24174
80 115 21330
80 116 948
80 117 33417
80 118 11139
80 119 33180
80 120 4503
80 121 13983
80 122 4266
80 123 32943
80 124 47400
80 125 54036
80 126 21330
80 127 8769
80 128 25359
80 129 14694
80 130 59250
80 131 51903
80 132 59487
80 133 23700
80 134 5925
80 135 31047
80 136 53325
80 137 3792
80 138 21093
80 139 16116
80 140 29625
80 141 40053
80 142 39816
80 143 35076
80 144 48822
80 145 25359
80 146 49296
80 147 41712
80 148 24648
80 149 49533
80 150 57828
80 151 16116
80 152 44556
80 153 55458
80 154 51192
80 155 40764
80 156 59013
80 157 30336
80 158 39579
80 159 19434
80 160 10902
80 161 13272
80 162 6162
80 163 27966
80 164 37920
80 165 46215
80 166 6636
80 167 11850
80 168 38631
80 169 44319
80 170 56880
80 171 17775
80 172 25596
80 173 55932
80 174 4977
80 175 1185
80 176 12324
80 177 53325
80 178 11139
80 179 50007
80 180 36972
80 181 53799
80 182 47400
80 183 20619
80 184 29862
80 185 34128
80 186 5451
80 187 4029
80 188 50955
80 189 54036
80 190 23463
80 191 30099
80 192 20619
80 193 39579
80 194 36024
80 195 12087
80 196 43608
80 197 19671
80 198 48585
80 199 9954
80 200 1659
81 81 -2178412
81 82 11808
81 83 16154
81 84 13612
81 85 17630
81 86 18040
81 87 3854
81 88 16154
81 89 15580
81 90 10742
81 91 11644
81 92 19434
81 93 14022
81 94 15744
81 95 14514
81 96 8036
81 97 11726
81 98 19024
81 99 5412
81 100 14186
81 101 8282
81 102 17876
81 103 19352
81 104 18040
81 105 10004
81 106 19352
81 107 5986
81 108 328
81 109 3116
81 110 9430
81 111 19844
81 112 3280
81 113 2706
81 114 8364
81 115 7380
81 116 328
81 117 11562
81 118 3854
81 119 11480
81 120 1558
81 121 4838
81 122 1476
81 123 11398
81 124 16400
81 125 18696
81 126 7380
81 127 3034
81 128 8774
81 129 5084
81 130 20500
81 131 17958
81 132 20582
81 133 8200
81 134 2050
81 135 10742
81 136 18450
81 137 1312
81 138 7298
81 139 5576
81 140 10250
81 141 13858
81 142 13776
81 143 12136
81 144 16892
81 145 8774
81 146 17056
81 147 14432
81 148 8528
81 149 17138
81 150 20008
81 151 5576
81 152 15416
81 153 19188
81 154 17712
81 155 14104
81 156 20418
81 157 10496
81 158 13694
81 159 6724
81 160 3772
81 161 4592
81 162 2132
81 163 9676
81 164 13120
81 165 15990
81 166 2296
81 167 4100
81 168 13366
81 169 15334
81 170 19680
81 171 6150
81 172 8856
81 173 19352
81 174 1722
81 175 410
81 176 4264
81 177 18450
81 178 3854
81 179 17302
81 180 12792
81 181 18614
81 182 16400
81 183 7134
81 184 10332
81 185 11808
81 186 1886
81 187 1394
81 188 17630
81 189 18696
81 190 8118
81 191 10414
81 192 7134
81 193 13694
81 194 12464
81 195 4182
81 196 15088
81 197 6806
81 198 16810
81 199 3444
81 200 574
82 82 -3816576
82 83 28368
82 84 23904
82 85 30960
82 86 31680
82 87 6768
82 88 28368
82 89 27360
82 90 18864
82 91 20448
82 92 34128
82 93 24624
82 94 27648
82 95 25488
82 96 14112
82 97 20592
82 98 33408
82 99 9504
82 100 24912
82 101 14544
82 102 31392
82 103 33984
82 104 31680
82 105 17568
82 106 33984
82 107 10512
82 108 576
82 109 5472
82 110 16560
82 111 34848
82 112 5760
82 113 4752
82 114 14688
82 115 12960
82 116 576
82 117 20304
82 118 6768
82 119 20160
82 120 2736
82 121 8496
82 122 2592
82 123 20016
82 124 28800
82 125 32832
82 126 12960
82 127 5328
82 128 15408
82 129 8928
82 130 36000
82 131 31536
82 132 36144
82 133 14400
82 134 3600
82 135 18864
82 136 32400
82 137 2304
82 138 12816
82 139 9792
82 140 18000
82 141 24336
82 142 24192
82 143 21312
82 144 29664
82 145 15408
82 146 29952
82 147 25344
82 148 14976
82 149 30096
82 150 35136
82 151 9792
82 152 27072
82 153 33696
82 154 31104
82 155 24768
82 156 35856
82 157 18432
82 158 24048
82 159 11808
82 160 6624
82 161 8064
82 162 3744
82 163 16992
82 164 23040
82 165 28080
82 166 4032
82 167 7200
82 168 23472
82 169 26928
82 170 34560
82 171 10800
82 172 15552
82 173 33984
82 174 3024
82 175 720
82 176 7488
82 177 32400
82 178 6768
82 179 30384
82 180 22464
82 181 32688
82 182 28800
82 183 12528
82 184 18144
82 185 20736
82 186 3312
82 187 2448
82 188 30960
82 189 32832
82 190 14256
82 191 18288
82 192 12528
82 193 24048
82 194 21888
82 195 7344
82 196 26496
82 197 11952
82 198 29520
82 199 6048
82 200 1008
83 83 -5210847
83 84 32702
83 85 42355
83 86 43340
83 87 9259
83 88 38809
83 89 37430
83 90 25807
83 91 27974
83 92 46689
83 93 33687
83 94 37824
83 95 34869
83 96 19306
83 97 28171
83 98 45704
83 99 13002
83 100 34081
83 101 19897
83 102 42946
83 103 46492
83 104 43340
83 105 24034
83 106 46492
83 107 14381
83 108 788
83 109 7486
83 110 22655
83 111 47674
83 112 7880
83 113 6501
83 114 20094
83 115 17730
83 116 788
83 117 27777
83 118 9259
83 119 27580
83 120 3743
83 121 11623
83 122 3546
83 123 27383
83 124 39400
83 125 44916
83 126 17730
83 127 7289
83 128 21079
83 129 12214
83 130 49250
83 131 43143
83 132 49447
83 133 19700
83 134 4925
83 135 25807
83 136 44325
83 137 3152
83 138 17533
83 139 13396
83 140 24625
83 141 33293
83 142 33096
83 143 29156
83 144 40582
83 145 21079
83 146 40976
83 147 34672
83 148 20488
83 149 41173
83 150 48068
83 151 13396
83 152 37036
83 153 46098
83 154 42552
83 155 33884
83 156 49053
83 157 25216
83 158 32899
83 159 16154
83 160 9062
83 161 11032
83 162 5122
83 163 23246
83 164 31520
83 165 38415
83 166 5516
83 167 9850
83 168 32111
83 169 36839
83 170 47280
83 171 14775
83 172 21276
83 173 46492
83 174 4137
83 175 985
83 176 10244
83 177 44325
83 178 9259
83 179 41567
83 180 30732
83 181 44719
83 182 39400
83 183 17139
83 184 24822
83 185 28368
83 186 4531
83 187 3349
83 188 42355
83 189 44916
83 190 19503
83 191 25019
83 192 17139
83 193 32899
83 194 29944
83 195 10047
83 196 36248
83 197 16351
83 198 40385
83 199 8274
83 200 1379
84 84 -4396012
84 85 35690
84 86 36520
84 87 7802
84 88 32702
84 89 31540
84 90 21746
84 91 23572
84 92 39342
84 93 28386
84 94 31872
84 95 29382
84 96 16268
84 97 23738
84 98 38512
84 99 10956
84 100 28718
84 101 16766
84 102 36188
84 103 39176
84 104 36520
84 105 20252
84 106 39176
84 107 12118
84 108 664
84 109 6308
84 110 19090
84 111 40172
84 112 6640
84 113 5478
84 114 16932
84 115 14940
84 116 664
84 117 23406
84 118 7802
84 119 23240
84 120 3154
84 121 9794
84 122 2988
84 123 23074
84 124 33200
84 125 37848
84 126 14940
84 127 6142
84 128 17762
84 129 10292
84 130 41500
84 131 36354
84 132 41666
84 133 16600
84 134 4150
84 135 21746
84 136 37350
84 137 2656
84 138 14774
84 139 11288
84 140 20750
84 141 28054
84 142 27888
84 143 24568
84 144 34196
84 145 17762
84 146 34528
84 147 29216
84 148 17264
84 149 34694
84 150 40504
84 151 11288
84 152 31208
84 153 38844
84 154 35856
84 155 28552
84 156 41334
84 157 21248
84 158 27722
84 159 13612
84 160 7636
84 161 9296
84 162 4316
84 163 19588
84 164 26560
84 165 32370
84 166 4648
84 167 8300
84 168 27058
84 169 31042
84 170 39840
84 171 12450
84 172 17928
84 173 39176
84 174 3486
84 175 830
84 176 8632
84 177 37350
84 178 7802
84 179 35026
84 180 25896
84 181 37682
84 182 33200
84 183 14442
84 184 20916
84 185 23904
84 186 3818
84 187 2822
84 188 35690
84 189 37848
84 190 16434
84 191 21082
84 192 14442
84 193 27722
84 194 25232
84 195 8466
84 196 30544
84 197 13778
84 198 34030
84 199 6972
84 200 1162
85 85 -5683095
85 86 47300
85 87 10105
85 88 42355
85 89 40850
85 90 28165
85 91 30530
85 92 50955
85 93 36765
85 94 41280
85 95 38055
85 96 21070
85 97 30745
85 98 49880
85 99 14190
85 100 37195
85 101 21715
85 102 46870
85 103 50740
85 104 47300
85 105 26230
85 106 50740
85 107 15695
85 108 860
85 109 8170
85 110 24725
85 111 52030
85 112 8600
85 113 7095
85 114 21930
85 115 19350
85 116 860
85 117 30315
85 118 10105
85 119 30100
85 120 4085
85 121 12685
85 122 3870
85 123 29885
85 124 43000
85 125 49020
85 126 19350
85 127 7955
85 128 23005
85 129 13330
85 130 53750
85 131 47085
85 132 53965
85 133 21500
85 134 5375
85 135 28165
85 136 48375
85 137 3440
85 138 19135
85 139 14620
85 140 26875
85 141 36335
85 142 36120
85 143 31820
85 144 44290
85 145 23005
85 146 44720
85 147 37840
85 148 22360
85 149 44935
85 150 52460
85 151 14620
85 152 40420
85 153 50310
85 154 46440
85 155 36980
85 156 53535
85 157 27520
85 158 35905
85 159 17630
85 160 9890
85 161 12040
85 162 5590
85 163 25370
85 164 34400
85 165 41925
85 166 6020
85 167 10750
85 168 35045
85 169 40205
85 170 51600
85 171 16125
85 172 23220
85 173 50740
85 174 4515
85 175 1075
85 176 11180
85 177 48375
85 178 10105
85 179 45365
85 180 33540
85 181 48805
85 182 43000
85 183 18705
85 184 27090
85 185 30960
85 186 4945
85 187 3655
85 188 46225
85 189 49020
85 190 21285
85 191 27305
85 192 18705
85 193 35905
85 194 32680
85 195 10965
85 196 39560
85 197 17845
85 198 44075
85 199 9030
85 200 1505
86 86 -5814160
86 87 10340
86 88 43340
86 89 41800
86 90 28820
86 91 31240
86 92 52140
86 93 37620
86 94 42240
86 95 38940
86 96 21560
86 97 31460
86 98 51040
86 99 14520
86 100 38060
86 101 22220
86 102 47960
86 103 51920
86 104 48400
86 105 26840
86 106 51920
86 107 16060
86 108 880
86 109 8360
86 110 25300
86 111 53240
86 112 8800
86 113 7260
86 114 22440
86 115 19800
86 116 880
86 117 31020
86 118 10340
86 119 30800
86 120 4180
86 121 12980
86 122 3960
86 123 30580
86 124 44000
86 125 50160
86 126 19800
86 127 8140
86 128 23540
86 129 13640
86 130 55000
86 131 48180
86 132 55220
86 133 22000
86 134 5500
86 135 28820
86 136 49500
86 137 3520
86 138 19580
86 139 14960
86 140 27500
86 141 37180
86 142 36960
86 143 32560
86 144 45320
86 145 23540
86 146 45760
86 147 38720
86 148 22880
86 149 45980
86 150 53680
86 151 14960
86 152 41360
86 153 51480
86 154 47520
86 155 37840
86 156 54780
86 157 28160
86 158 36740
86 159 18040
86 160 10120
86 161 12320
86 162 5720
86 163 25960
86 164 35200
86 165 42900
86 166 6160
86 167 11000
86 168 35860
86 169 41140
86 170 52800
86 171 16500
86 172 23760
86 173 51920
86 174 4620
86 175 1100
86 176 11440
86 177 49500
86 178 10340
86 179 46420
86 180 34320
86 181 49940
86 182 44000
86 183 19140
86 184 27720
86 185 31680
86 186 5060
86 187 3740
86 188 47300
86 189 50160
86 190 21780
86 191 27940
86 192 19140
86 193 36740
86 194 33440
86 195 11220
86 196 40480
86 197 18260
86 198 45100
86 199 9240
86 200 1540
87 87 -1250247
87 88 9259
87 89 8930
87 90 6157
87 91 6674
87 92 11139
87 93 8037
87 94 9024
87 95 8319
87 96 4606
87 97 6721
87 98 10904
87 99 3102
87 100 8131
87 101 4747
87 102 10246
87 103 11092
87 104 10340
87 105 5734
87 106 11092
87 107 3431
87 108 188
87 109 1786
87 110 5405
87 111 11374
87 112 1880
87 113 1551
87 114 4794
87 115 4230
87 116 188
87 117 6627
87 118 2209
87 119 6580
87 120 893
87 121 2773
87 122 846
87 123 6533
87 124 9400
87 125 10716
87 126 4230
87 127 1739
87 128 5029
87 129 2914
87 130 11750
87 131 10293
87 132 11797
87 133 4700
87 134 1175
87 135 6157
87 136 10575
87 137 752
87 138 4183
87 139 3196
87 140 5875
87 141 7943
87 142 7896
87 143 6956
87 144 9682
87 145 5029
87 146 9776
87 147 8272
87 148 4888
87 149 9823
87 150 11468
87 151 3196
87 152 8836
87 153 10998
87 154 10152
87 155 8084
87 156 11703
87 157 6016
87 158 7849
87 159 3854
87 160 2162
87 161 2632
87 162 1222
87 163 5546
87 164 7520
87 165 9165
87 166 1316
87 167 2350
87 168 7661
87 169 8789
87 170 11280
87 171 3525
87 172 5076
87 173 11092
87 174 987
87 175 235
87 176 2444
87 177 10575
87 178 2209
87 179 9917
87 180 7332
87 181 10669
87 182 9400
87 183 4089
87 184 5922
87 185 6768
87 186 1081
87 187 799
87 188 10105
87 189 10716
87 190 4653
87 191 5969
87 192 4089
87 193 7849
87 194 7144
87 195 2397
87 196 8648
87 197 3901
87 198 9635
87 199 1974
87 200 329
88 88 -5210847
88 89 37430
88 90 25807
88 91 27974
88 92 46689
88 93 33687
88 94 37824
88 95 34869
88 96 19306
88 97 28171
88 98 45704
88 99 13002
88 100 34081
88 101 19897
88 102 42946
88 103 46492
88 104 43340
88 105 24034
88 106 46492
88 107 14381
88 108 788
88 109 7486
88 110 22655
88 111 47674
88 112 7880
88 113 6501
88 114 20094
88 115 17730
88 116 788
88 117 27777
88 118 9259
88 119 27580
88 120 3743
88 121 11623
88 122 3546
88 123 27383
88 124 39400
88 125 44916
88 126 17730
88 127 7289
88 128 21079
88 129 12214
88 130 49250
88 131 43143
88 132 49447
88 133 19700
88 134 4925
88 135 25807
88 136 44325
88 137 3152
88 138 17533
88 139 13396
88 140 24625
88 141 33293
88 142 33096
88 143 29156
88 144 40582
88 145 21079
88 146 40976
88 147 34672
88 148 20488
88 149 41173
88 150 48068
88 151 13396
88 152 37036
88 153 46098
88 154 42552
88 155 33884
88 156 49053
88 157 25216
88 158 32899
88 159 16154
88 160 9062
88 161 11032
88 162 5122
88 163 23246
88 164 31520
88 165 38415
88 166 5516
88 167 9850
88 168 32111
88 169 36839
88 170 47280
88 171 14775
88 172 21276
88 173 46492
88 174 4137
88 175 985
88 176 10244
88 177 44325
88 178 9259
88 179 41567
88 180 30732
88 181 44719
88 182 39400
88 183 17139
88 184 24822
88 185 28368
88 186 4531
88 187 3349
88 188 42355
88 189 44916
88 190 19503
88 191 25019
88 192 17139
88 193 32899
88 194 29944
88 195 10047
88 196 36248
88 197 16351
88 198 40385
88 199 8274
88 200 1379
89 89 -5027020
89 90 24890
89 91 26980
89 92 45030
89 93 32490
89 94 36480
89 95 33630
89 96 18620
89 97 27170
89 98 44080
89 99 12540
89 100 32870
89 101 19190
89 102 41420
89 103 44840
89 104 41800
89 105 23180
89 106 44840
89 107 13870
89 108 760
89 109 7220
89 110 21850
89 111 45980
89 112 7600
89 113 6270
89 114 19380
89 115 17100
89 116 760
89 117 26790
89 118 8930
89 119 26600
89 120 3610
89 121 11210
89 122 3420
89 123 26410
89 124 38000
89 125 43320
89 126 17100
89 127 7030
89 128 20330
89 129 11780
89 130 47500
89 131 41610
89 132 47690
89 133 19000
89 134 4750
89 135 24890
89 136 42750
89 137 3040
89 138 16910
89 139 12920
89 140 23750
89 141 32110
89 142 31920
89 143 28120
89 144 39140
89 145 20330
89 146 39520
89 147 33440
89 148 19760
89 149 39710
89 150 46360
89 151 12920
89 152 35720
89 153 44460
89 154 41040
89 155 32680
89 156 47310
89 157 24320
89 158 31730
89 159 15580
89 160 8740
89 161 10640
89 162 4940
89 163 22420
89 164 30400
89 165 37050
89 166 5320
89 167 9500
89 168 30970
89 169 35530
89 170 45600
89 171 14250
89 172 20520
89 173 44840
89 174 3990
89 175 950
89 176 9880
89 177 42750
89 178 8930
89 179 40090
89 180 29640
89 181 43130
89 182 38000
89 183 16530
89 184 23940
89 185 27360
89 186 4370
89 187 3230
89 188 40850
89 189 43320
89 190 18810
89 191 24130
89 192 16530
89 193 31730
89 194 28880
89 195 9690
89 196 34960
89 197 15770
89 198 38950
89 199 7980
89 200 1330
90 90 -3473727
90 91 18602
90 92 31047
90 93 22401
90 94 25152
90 95 23187
90 96 12838
90 97 18733
90 98 30392
90 99 8646
90 100 22663
90 101 13231
90 102 28558
90 103 30916
90 104 28820
90 105 15982
90 106 30916
90 107 9563
90 108 524
90 109 4978
90 110 15065
90 111 31702
90 112 5240
90 113 4323
90 114 13362
90 115 11790
90 116 524
90 117 18471
90 118 6157
90 119 18340
90 120 2489
90 121 7729
90 122 2358
90 123 18209
90 124 26200
90 125 29868
90 126 11790
90 127 4847
90 128 14017
90 129 8122
90 130 32750
90 131 28689
90 132 32881
90 133 13100
90 134 3275
90 135 17161
90 136 29475
90 137 2096
90 138 11659
90 139 8908
90 140 16375
90 141 22139
90 142 22008
90 143 19388
90 144 26986
90 145 14017
90 146 27248
90 147 23056
90 148 13624
90 149 27379
90 150 31964
90 151 8908
90 152 24628
90 153 30654
90 154 28296
90 155 22532
90 156 32619
90 157 16768
90 158 21877
90 159 10742
90 160 6026
90 161 7336
90 162 3406
90 163 15458
90 164 20960
90 165 25545
90 166 3668
90 167 6550
90 168 21353
90 169 24497
90 170 31440
90 171 9825
90 172 14148
90 173 30916
90 174 2751
90 175 655
90 176 6812
90 177 29475
90 178 6157
90 179 27641
90 180 20436
90 181 29737
90 182 26200
90 183 11397
90 184 16506
90 185 18864
90 186 3013
90 187 2227
90 188 28165
90 189 29868
90 190 12969
90 191 16637
90 192 11397
90 193 21877
90 194 19912
90 195 6681
90 196 24104
90 197 10873
90 198 26855
90 199 5502
90 200 917
91 91 -3763852
91 92 33654
91 93 24282
91 94 27264
91 95 25134
91 96 13916
91 97 20306
91 98 32944
91 99 9372
91 100 24566
91 101 14342
91 102 30956
91 103 33512
91 104 31240
91 105 17324
91 106 33512
91 107 10366
91 108 568
91 109 5396
91 110 16330
91 111 34364
91 112 5680
91 113 4686
91 114 14484
91 115 12780
91 116 568
91 117 20022
91 118 6674
91 119 19880
91 120 2698
91 121 8378
91 122 2556
91 123 19738
91 124 28400
91 125 32376
91 126 12780
91 127 5254
91 128 15194
91 129 8804
91 130 35500
91 131 31098
91 132 35642
91 133 14200
91 134 3550
91 135 18602
91 136 31950
91 137 2272
91 138 12638
91 139 9656
91 140 17750
91 141 23998
91 142 23856
91 143 21016
91 144 29252
91 145 15194
91 146 29536
91 147 24992
91 148 14768
91 149 29678
91 150 34648
91 151 9656
91 152 26696
91 153 33228
91 154 30672
91 155 24424
91 156 35358
91 157 18176
91 158 23714
91 159 11644
91 160 6532
91 161 7952
91 162 3692
91 163 16756
91 164 22720
91 165 27690
91 166 3976
91 167 7100
91 168 23146
91 169 26554
91 170 34080
91 171 10650
91 172 15336
91 173 33512
91 174 2982
91 175 710
91 176 7384
91 177 31950
91 178 6674
91 179 29962
91 180 22152
91 181 32234
91 182 28400
91 183 12354
91 184 17892
91 185 20448
91 186 3266
91 187 2414
91 188 30530
91 189 32376
91 190 14058
91 191 18034
91 192 12354
91 193 23714
91 194 21584
91 195 7242
91 196 26128
91 197 11786
91 198 29110
91 199 5964
91 200 994
92 92 -6259407
92 93 40527
92 94 45504
92 95 41949
92 96 23226
92 97 33891
92 98 54984
92 99 15642
92 100 41001
92 101 23937
92 102 51666
92 103 55932
92 104 52140
92 105 28914
92 106 55932
92 107 17301
92 108 948
92 109 9006
92 110 27255
92 111 57354
92 112 9480
92 113 7821
92 114 24174
92 115 21330
92 116 948
92 117 33417
92 118 11139
92 119 33180
92 120 4503
92 121 13983
92 122 4266
92 123 32943
92 124 47400
92 125 54036
92 126 21330
92 127 8769
92 128 25359
92 129 14694
92 130 59250
92 131 51903
92 132 59487
92 133 23700
92 134 5925
92 135 31047
92 136 53325
92 137 3792
92 138 21093
92 139 16116
92 140 29625
92 141 40053
92 142 39816
92 143 35076
92 144 48822
92 145 25359
92 146 49296
92 147 41712
92 148 24648
92 149 49533
92 150 57828
92 151 16116
92 152 44556
92 153 55458
92 154 51192
92 155 40764
92 156 59013
92 157 30336
92 158 39579
92 159 19434
92 160 10902
92 161 13272
92 162 6162
92 163 27966
92 164 37920
92 165 46215
92 166 6636
92 167 11850
92 168 38631
92 169 44319
92 170 56880
92 171 17775
92 172 25596
92 173 55932
92 174 4977
92 175 1185
92 176 12324
92 177 53325
92 178 11139
92 179 50007
92 180 36972
92 181 53799
92 182 47400
92 183 20619
92 184 29862
92 185 34128
92 186 5451
92 187 4029
92 188 50955
92 189 54036
92 190 23463
92 191 30099
92 192 20619
92 193 39579
92 194 36024
92 195 12087
92 196 43608
92 197 19671
92 198 48585
92 199 9954
92 200 1659
93 93 -4527567
93 94 32832
93 95 30267
93 96 16758
93 97 24453
93 98 39672
93 99 11286
93 100 29583
93 101 17271
93 102 37278
93 103 40356
93 104 37620
93 105 20862
93 106 40356
93 107 12483
93 108 684
93 109 6498
93 110 19665
93 111 41382
93 112 6840
93 113 5643
93 114 17442
93 115 15390
93 116 684
93 117 24111
93 118 8037
93 119 23940
93 120 3249
93 121 10089
93 122 3078
93 123 23769
93 124 34200
93 125 38988
93 126 15390
93 127 6327
93 128 18297
93 129 10602
93 130 42750
93 131 37449
93 132 42921
93 133 17100
93 134 4275
93 135 22401
93 136 38475
93 137 2736
93 138 15219
93 139 11628
93 140 21375
93 141 28899
93 142 28728
93 143 25308
93 144 35226
93 145 18297
93 146 35568
93 147 30096
93 148 17784
93 149 35739
93 150 41724
93 151 11628
93 152 32148
93 153 40014
93 154 36936
93 155 29412
93 156 42579
93 157 21888
93 158 28557
93 159 14022
93 160 7866
93 161 9576
93 162 4446
93 163 20178
93 164 27360
93 165 33345
93 166 4788
93 167 8550
93 168 27873
93 169 31977
93 170 41040
93 171 12825
93 172 18468
93 173 40356
93 174 3591
93 175 855
93 176 8892
93 177 38475
93 178 8037
93 179 36081
93 180 26676
93 181 38817
93 182 34200
93 183 14877
93 184 21546
93 185 24624
93 186 3933
93 187 2907
93 188 36765
93 189 38988
93 190 16929
93 191 21717
93 192 14877
93 193 28557
93 194 25992
93 195 8721
93 196 31464
93 197 14193
93 198 35055
93 199 7182
93 200 1197
94 94 -5079552
94 95 33984
94 96 18816
94 97 27456
94 98 44544
94 99 12672
94 100 33216
94 101 19392
94 102 41856
94 103 45312
94 104 42240
94 105 23424
94 106 45312
94 107 14016
94 108 768
94 109 7296
94 110 22080
94 111 46464
94 112 7680
94 113 6336
94 114 19584
94 115 17280
94 116 768
94 117 27072
94 118 9024
94 119 26880
94 120 3648
94 121 11328
94 122 3456
94 123 26688
94 124 38400
94 125 43776
94 126 17280
94 127 7104
94 128 20544
94 129 11904
94 130 48000
94 131 42048
94 132 48192
94 133 19200
94 134 4800
94 135 25152
94 136 43200
94 137 3072
94 138 17088
94 139 13056
94 140 24000
94 141 32448
94 142 32256
94 143 28416
94 144 39552
94 145 20544
94 146 39936
94 147 33792
94 148 19968
94 149 40128
94 150 46848
94 151 13056
94 152 36096
94 153 44928
94 154 41472
94 155 33024
94 156 47808
94 157 24576
94 158 32064
94 159 15744
94 160 8832
94 161 10752
94 162 4992
94 163 22656
94 164 30720
94 165 37440
94 166 5376
94 167 9600
94 168 31296
94 169 35904
94 170 46080
94 171 14400
94 172 20736
94 173 45312
94 174 4032
94 175 960
94 176 9984
94 177 43200
94 178 9024
94 179 40512
94 180 29952
94 181 43584
94 182 38400
94 183 16704
94 184 24192
94 185 27648
94 186 4416
94 187 3264
94 188 41280
94 189 43776
94 190 19008
94 191 24384
94 192 16704
94 193 32064
94 194 29184
94 195 9792
94 196 35328
94 197 15936
94 198 39360
94 199 8064
94 200 1344
95 95 -4685367
95 96 17346
95 97 25311
95 98 41064
95 99 11682
95 100 30621
95 101 17877
95 102 38586
95 103 41772
95 104 38940
95 105 21594
95 106 41772
95 107 12921
95 108 708
95 109 6726
95 110 20355
95 111 42834
95 112 7080
95 113 5841
95 114 18054
95 115 15930
95 116 708
95 117 24957
95 118 8319
95 119 24780
95 120 3363
95 121 10443
95 122 3186
95 123 24603
95 124 35400
95 125 40356
95 126 15930
95 127 6549
95 128 18939
95 129 10974
95 130 44250
95 131 38763
95 132 44427
95 133 17700
95 134 4425
95 135 23187
95 136 39825
95 137 2832
95 138 15753
95 139 12036
95 140 22125
95 141 29913
95 142 29736
95 143 26196
95 144 36462
95 145 18939
95 146 36816
95 147 31152
95 148 18408
95 149 36993
95 150 43188
95 151 12036
95 152 33276
95 153 41418
95 154 38232
95 155 30444
95 156 44073
95 157 22656
95 158 29559
95 159 14514
95 160 8142
95 161 9912
95 162 4602
95 163 20886
95 164 28320
95 165 34515
95 166 4956
95 167 8850
95 168 28851
95 169 33099
95 170 42480
95 171 13275
95 172 19116
95 173 41772
95 174 3717
95 175 885
95 176 9204
95 177 39825
95 178 8319
95 179 37347
95 180 27612
95 181 40179
95 182 35400
95 183 15399
95 184 22302
95 185 25488
95 186 4071
95 187 3009
95 188 38055
95 189 40356
95 190 17523
95 191 22479
95 192 15399
95 193 29559
95 194 26904
95 195 9027
95 196 32568
95 197 14691
95 198 36285
95 199 7434
95 200 1239
96 96 -2601900
96 97 14014
96 98 22736
96 99 6468
96 100 16954
96 101 9898
96 102 21364
96 103 23128
96 104 21560
96 105 11956
96 106 23128
96 107 7154
96 108 392
96 109 3724
96 110 11270
96 111 23716
96 112 3920
96 113 3234
96 114 9996
96 115 8820
96 116 392
96 117 13818
96 118 4606
96 119 13720
96 120 1862
96 121 5782
96 122 1764
96 123 13622
96 124 19600
96 125 22344
96 126 8820
96 127 3626
96 128 10486
96 129 6076
96 130 24500
96 131 21462
96 132 24598
96 133 9800
96 134 2450
96 135 12838
96 136 22050
96 137 1568
96 138 8722
96 139 6664
96 140 12250
96 141 16562
96 142 16464
96 143 14504
96 144 20188
96 145 10486
96 146 20384
96 147 17248
96 148 10192
96 149 20482
96 150 23912
96 151 6664
96 152 18424
96 153 22932
96 154 21168
96 155 16856
96 156 24402
96 157 12544
96 158 16366
96 159 8036
96 160 4508
96 161 5488
96 162 2548
96 163 11564
96 164 15680
96 165 19110
96 166 2744
96 167 4900
96 168 15974
96 169 18326
96 170 23520
96 171 7350
96 172 10584
96 173 23128
96 174 2058
96 175 490
96 176 5096
96 177 22050
96 178 4606
96 179 20678
96 180 15288
96 181 22246
96 182 19600
96 183 8526
96 184 12348
96 185 14112
96 186 2254
96 187 1666
96 188 21070
96 189 22344
96 190 9702
96 191 12446
96 192 8526
96 193 16366
96 194 14896
96 195 4998
96 196 18032
96 197 8134
96 198 20090
96 199 4116
96 200 686
97 97 -3790215
97 98 33176
97 99 9438
97 100 24739
97 101 14443
97 102 31174
97 103 33748
97 104 31460
97 105 17446
97 106 33748
97 107 10439
97 108 572
97 109 5434
97 110 16445
97 111 34606
97 112 5720
97 113 4719
97 114 14586
97 115 12870
97 116 572
97 117 20163
97 118 6721
97 119 20020
97 120 2717
97 121 8437
97 122 2574
97 123 19877
97 124 28600
97 125 32604
97 126 12870
97 127 5291
97 128 15301
97 129 8866
97 130 35750
97 131 31317
97 132 35893
97 133 14300
97 134 3575
97 135 18733
97 136 32175
97 137 2288
97 138 12727
97 139 9724
97 140 17875
97 141 24167
97 142 24024
97 143 21164
97 144 29458
97 145 15301
97 146 29744
97 147 25168
97 148 14872
97 149 29887
97 150 34892
97 151 9724
97 152 26884
97 153 33462
97 154 30888
97 155 24596
97 156 35607
97 157 18304
97 158 23881
97 159 11726
97 160 6578
97 161 8008
97 162 3718
97 163 16874
97 164 22880
97 165 27885
97 166 4004
97 167 7150
97 168 23309
97 169 26741
97 170 34320
97 171 10725
97 172 15444
97 173 33748
97 174 3003
97 175 715
97 176 7436
97 177 32175
97 178 6721
97 179 30173
97 180 22308
97 181 32461
97 182 28600
97 183 12441
97 184 18018
97 185 20592
97 186 3289
97 187 2431
97 188 30745
97 189 32604
97 190 14157
97 191 18161
97 192 12441
97 193 23881
97 194 21736
97 195 7293
97 196 26312
97 197 11869
97 198 29315
97 199 6006
97 200 1001
98 98 -6128512
98 99 15312
98 100 40136
98 101 23432
98 102 50576
98 103 54752
98 104 51040
98 105 28304
98 106 54752
98 107 16936
98 108 928
98 109 8816
98 110 26680
98 111 56144
98 112 9280
98 113 7656
98 114 23664
98 115 20880
98 116 928
98 117 32712
98 118 10904
98 119 32480
98 120 4408
98 121 13688
98 122 4176
98 123 32248
98 124 46400
98 125 52896
98 126 20880
98 127 8584
98 128 24824
98 129 14384
98 130 58000
98 131 50808
98 132 58232
98 133 23200
98 134 5800
98 135 30392
98 136 52200
98 137 3712
98 138 20648
98 139 15776
98 140 29000
98 141 39208
98 142 38976
98 143 34336
98 144 47792
98 145 24824
98 146 48256
98 147 40832
98 148 24128
98 149 48488
98 150 56608
98 151 15776
98 152 43616
98 153 54288
98 154 50112
98 155 39904
98 156 57768
98 157 29696
98 158 38744
98 159 19024
98 160 10672
98 161 12992
98 162 6032
98 163 27376
98 164 37120
98 165 45240
98 166 6496
98 167 11600
98 168 37816
98 169 43384
98 170 55680
98 171 17400
98 172 25056
98 173 54752
98 174 4872
98 175 1160
98 176 12064
98 177 52200
98 178 10904
98 179 48952
98 180 36192
98 181 52664
98 182 46400
98 183 20184
98 184 29232
98 185 33408
98 186 5336
98 187 3944
98 188 49880
98 189 52896
98 190 22968
98 191 29464
98 192 20184
98 193 38744
98 194 35264
98 195 11832
98 196 42688
98 197 19256
98 198 47560
98 199 9744
98 200 1624
99 99 -1754412
99 100 11418
99 101 6666
99 102 14388
99 103 15576
99 104 14520
99 105 8052
99 106 15576
99 107 4818
99 108 264
99 109 2508
99 110 7590
99 111 15972
99 112 2640
99 113 2178
99 114 6732
99 115 5940
99 116 264
99 117 9306
99 118 3102
99 119 9240
99 120 1254
99 121 3894
99 122 1188
99 123 9174
99 124 13200
99 125 15048
99 126 5940
99 127 2442
99 128 7062
99 129 4092
99 130 16500
99 131 14454
99 132 16566
99 133 6600
99 134 1650
99 135 8646
99 136 14850
99 137 1056
99 138 5874
99 139 4488
99 140 8250
99 141 11154
99 142 11088
99 143 9768
99 144 13596
99 145 7062
99 146 13728
99 147 11616
99 148 6864
99 149 13794
99 150 16104
99 151 4488
99 152 12408
99 153 15444
99 154 14256
99 155 11352
99 156 16434
99 157 8448
99 158 11022
99 159 5412
99 160 3036
99 161 3696
99 162 1716
99 163 7788
99 164 10560
99 165 12870
99 166 1848
99 167 3300
99 168 10758
99 169 12342
99 170 15840
99 171 4950
99 172 7128
99 173 15576
99 174 1386
99 175 330
99 176 3432
99 177 14850
99 178 3102
99 179 13926
99 180 10296
99 181 14982
99 182 13200
99 183 5742
99 184 8316
99 185 9504
99 186 1518
99 187 1122
99 188 14190
99 189 15048
99 190 6534
99 191 8382
99 192 5742
99 193 11022
99 194 10032
99 195 3366
99 196 12144
99 197 5478
99 198 13530
99 199 2772
99 200 462
100 100 -4580175
100 101 17473
100 102 37714
100 103 40828
100 104 38060
100 105 21106
100 106 40828
100 107 12629
100 108 692
100 109 6574
100 110 19895
100 111 41866
100 112 6920
100 113 5709
100 114 17646
100 115 15570
100 116 692
100 117 24393
100 118 8131
100 119 24220
100 120 3287
100 121 10207
100 122 3114
100 123 24047
100 124 34600
100 125 39444
100 126 15570
100 127 6401
100 128 18511
100 129 10726
100 130 43250
100 131 37887
100 132 43423
100 133 17300
100 134 4325
100 135 22663
100 136 38925
100 137 2768
100 138 15397
100 139 11764
100 140 21625
100 141 29237
100 142 29064
100 143 25604
100 144 35638
100 145 18511
100 146 35984
100 147 30448
100 148 17992
100 149 36157
100 150 42212
100 151 11764
100 152 32524
100 153 40482
100 154 37368
100 155 29756
100 156 43077
100 157 22144
100 158 28891
100 159 14186
100 160 7958
100 161 9688
100 162 4498
100 163 20414
100 164 27680
100 165 33735
100 166 4844
100 167 8650
100 168 28199
100 169 32351
100 170 41520
100 171 12975
100 172 18684
100 173 40828
100 174 3633
100 175 865
100 176 8996
100 177 38925
100 178 8131
100 179 36503
100 180 26988
100 181 39271
100 182 34600
100 183 15051
100 184 21798
100 185 24912
100 186 3979
100 187 2941
100 188 37195
100 189 39444
100 190 17127
100 191 21971
100 192 15051
100 193 28891
100 194 26296
100 195 8823
100 196 31832
100 197 14359
100 198 35465
100 199 7266
100 200 1211
101 101 -2681247
101 102 22018
101 103 23836
101 104 22220
101 105 12322
101 106 23836
101 107 7373
101 108 404
101 109 3838
101 110 11615
101 111 24442
101 112 4040
101 113 3333
101 114 10302
101 115 9090
101 116 404
101 117 14241
101 118 4747
101 119 14140
101 120 1919
101 121 5959
101 122 1818
101 123 14039
101 124 20200
101 125 23028
101 126 9090
101 127 3737
101 128 10807
101 129 6262
101 130 25250
101 131 22119
101 132 25351
101 133 10100
101 134 2525
101 135 13231
101 136 22725
101 137 1616
101 138 8989
101 139 6868
101 140 12625
101 141 17069
101 142 16968
101 143 14948
101 144 20806
101 145 10807
101 146 21008
101 147 17776
101 148 10504
101 149 21109
101 150 24644
101 151 6868
101 152 18988
101 153 23634
101 154 21816
101 155 17372
101 156 25149
101 157 12928
101 158 16867
101 159 8282
101 160 4646
101 161 5656
101 162 2626
101 163 11918
101 164 16160
101 165 19695
101 166 2828
101 167 5050
101 168 16463
101 169 18887
101 170 24240
101 171 7575
101 172 10908
101 173 23836
101 174 2121
101 175 505
101 176 5252
101 177 22725
101 178 4747
101 179 21311
101 180 15756
101 181 22927
101 182 20200
101 183 8787
101 184 12726
101 185 14544
101 186 2323
101 187 1717
101 188 21715
101 189 23028
101 190 9999
101 191 12827
101 192 8787
101 193 16867
101 194 15352
101 195 5151
101 196 18584
101 197 8383
101 198 20705
101 199 4242
101 200 707
102 102 -5761740
102 103 51448
102 104 47960
102 105 26596
102 106 51448
102 107 15914
102 108 872
102 109 8284
102 110 25070
102 111 52756
102 112 8720
102 113 7194
102 114 22236
102 115 19620
102 116 872
102 117 30738
102 118 10246
102 119 30520
102 120 4142
102 121 12862
102 122 3924
102 123 30302
102 124 43600
102 125 49704
102 126 19620
102 127 8066
102 128 23326
102 129 13516
102 130 54500
102 131 47742
102 132 54718
102 133 21800
102 134 5450
102 135 28558
102 136 49050
102 137 3488
102 138 19402
102 139 14824
102 140 27250
102 141 36842
102 142 36624
102 143 32264
102 144 44908
102 145 23326
102 146 45344
102 147 38368
102 148 22672
102 149 45562
102 150 53192
102 151 14824
102 152 40984
102 153 51012
102 154 47088
102 155 37496
102 156 54282
102 157 27904
102 158 36406
102 159 17876
102 160 10028
102 161 12208
102 162 5668
102 163 25724
102 164 34880
102 165 42510
102 166 6104
102 167 10900
102 168 35534
102 169 40766
102 170 52320
102 171 16350
102 172 23544
102 173 51448
102 174 4578
102 175 1090
102 176 11336
102 177 49050
102 178 10246
102 179 45998
102 180 34008
102 181 49486
102 182 43600
102 183 18966
102 184 27468
102 185 31392
102 186 5014
102 187 3706
102 188 46870
102 189 49704
102 190 21582
102 191 27686
102 192 18966
102 193 36406
102 194 33136
102 195 11118
102 196 40112
102 197 18094
102 198 44690
102 199 9156
102 200 1526
103 103 -6233232
103 104 51920
103 105 28792
103 106 55696
103 107 17228
103 108 944
103 109 8968
103 110 27140
103 111 57112
103 112 9440
103 113 7788
103 114 24072
103 115 21240
103 116 944
103 117 33276
103 118 11092
103 119 33040
103 120 4484
103 121 13924
103 122 4248
103 123 32804
103 124 47200
103 125 53808
103 126 21240
103 127 8732
103 128 25252
103 129 14632
103 130 59000
103 131 51684
103 132 59236
103 133 23600
103 134 5900
103 135 30916
103 136 53100
103 137 3776
103 138 21004
103 139 16048
103 140 29500
103 141 39884
103 142 39648
103 143 34928
103 144 48616
103 145 25252
103 146 49088
103 147 41536
103 148 24544
103 149 49324
103 150 57584
103 151 16048
103 152 44368
103 153 55224
103 154 50976
103 155 40592
103 156 58764
103 157 30208
103 158 39412
103 159 19352
103 160 10856
103 161 13216
103 162 6136
103 163 27848
103 164 37760
103 165 46020
103 166 6608
103 167 11800
103 168 38468
103 169 44132
103 170 56640
103 171 17700
103 172 25488
103 173 55696
103 174 4956
103 175 1180
103 176 12272
103 177 53100
103 178 11092
103 179 49796
103 180 36816
103 181 53572
103 182 47200
103 183 20532
103 184 29736
103 185 33984
103 186 5428
103 187 4012
103 188 50740
103 189 53808
103 190 23364
103 191 29972
103 192 20532
103 193 39412
103 194 35872
103 195 12036
103 196 43424
103 197 19588
103 198 48380
103 199 9912
103 200 1652
104 104 -5814160
104 105 26840
104 106 51920
104 107 16060
104 108 880
104 109 8360
104 110 25300
104 111 53240
104 112 8800
104 113 7260
104 114 22440
104 115 19800
104 116 880
104 117 31020
104 118 10340
104 119 30800
104 120 4180
104 121 12980
104 122 3960
104 123 30580
104 124 44000
104 125 50160
104 126 19800
104 127 8140
104 128 23540
104 129 13640
104 130 55000
104 131 48180
104 132 55220
104 133 22000
104 134 5500
104 135 28820
104 136 49500
104 137 3520
104 138 19580
104 139 14960
104 140 27500
104 141 37180
104 142 36960
104 143 32560
104 144 45320
104 145 23540
104 146 45760
104 147 38720
104 148 22880
104 149 45980
104 150 53680
104 151 14960
104 152 41360
104 153 51480
104 154 47520
104 155 37840
104 156 54780
104 157 28160
104 158 36740
104 159 18040
104 160 10120
104 161 12320
104 162 5720
104 163 25960
104 164 35200
104 165 42900
104 166 6160
104 167 11000
104 168 35860
104 169 41140
104 170 52800
104 171 16500
104 172 23760
104 173 51920
104 174 4620
104 175 1100
104 176 11440
104 177 49500
104 178 10340
104 179 46420
104 180 34320
104 181 49940
104 182 44000
104 183 19140
104 184 27720
104 185 31680
104 186 5060
104 187 3740
104 188 47300
104 189 50160
104 190 21780
104 191 27940
104 192 19140
104 193 36740
104 194 33440
104 195 11220
104 196 40480
104 197 18260
104 198 45100
104 199 9240
104 200 1540
105 105 -3236172
105 106 28792
105 107 8906
105 108 488
105 109 4636
105 110 14030
105 111 29524
105 112 4880
105 113 4026
105 114 12444
105 115 10980
105 116 488
105 117 17202
105 118 5734
105 119 17080
105 120 2318
105 121 7198
105 122 2196
105 123 16958
105 124 24400
105 125 27816
105 126 10980
105 127 4514
105 128 13054
105 129 7564
105 130 30500
105 131 26718
105 132 30622
105 133 12200
105 134 3050
105 135 15982
105 136 27450
105 137 1952
105 138 10858
105 139 8296
105 140 15250
105 141 20618
105 142 20496
105 143 18056
105 144 25132
105 145 13054
105 146 25376
105 147 21472
105 148 12688
105 149 25498
105 150 29768
105 151 8296
105 152 22936
105 153 28548
105 154 26352
105 155 20984
105 156 30378
105 157 15616
105 158 20374
105 159 10004
105 160 5612
105 161 6832
105 162 3172
105 163 14396
105 164 19520
105 165 23790
105 166 3416
105 167 6100
105 168 19886
105 169 22814
105 170 29280
105 171 9150
105 172 13176
105 173 28792
105 174 2562
105 175 610
105 176 6344
105 177 27450
105 178 5734
105 179 25742
105 180 19032
105 181 27694
105 182 24400
105 183 10614
105 184 15372
105 185 17568
105 186 2806
105 187 2074
105 188 26230
105 189 27816
105 190 12078
105 191 15494
105 192 10614
105 193 20374
105 194 18544
105 195 6222
105 196 22448
105 197 10126
105 198 25010
105 199 5124
105 200 854
106 106 -6233232
106 107 17228
106 108 944
106 109 8968
106 110 27140
106 111 57112
106 112 9440
106 113 7788
106 114 24072
106 115 21240
106 116 944
106 117 33276
106 118 11092
106 119 33040
106 120 4484
106 121 13924
106 122 4248
106 123 32804
106 124 47200
106 125 53808
106 126 21240
106 127 8732
106 128 25252
106 129 14632
106 130 59000
106 131 51684
106 132 59236
106 133 23600
106 134 5900
106 135 30916
106 136 53100
106 137 3776
106 138 21004
106 139 16048
106 140 29500
106 141 39884
106 142 39648
106 143 34928
106 144 48616
106 145 25252
106 146 49088
106 147 41536
106 148 24544
106 149 49324
106 150 57584
106 151 16048
106 152 44368
106 153 55224
106 154 50976
106 155 40592
106 156 58764
106 157 30208
106 158 39412
106 159 19352
106 160 10856
106 161 13216
106 162 6136
106 163 27848
106 164 37760
106 165 46020
106 166 6608
106 167 11800
106 168 38468
106 169 44132
106 170 56640
106 171 17700
106 172 25488
106 173 55696
106 174 4956
106 175 1180
106 176 12272
106 177 53100
106 178 11092
106 179 49796
106 180 36816
106 181 53572
106 182 47200
106 183 20532
106 184 29736
106 185 33984
106 186 5428
106 187 4012
106 188 50740
106 189 53808
106 190 23364
106 191 29972
106 192 20532
106 193 39412
106 194 35872
106 195 12036
106 196 43424
106 197 19588
106 198 48380
106 199 9912
106 200 1652
107 107 -1939975
107 108 292
107 109 2774
107 110 8395
107 111 17666
107 112 2920
107 113 2409
107 114 7446
107 115 6570
107 116 292
107 117 10293
107 118 3431
107 119 10220
107 120 1387
107 121 4307
107 122 1314
107 123 10147
107 124 14600
107 125 16644
107 126 6570
107 127 2701
107 128 7811
107 129 4526
107 130 18250
107 131 15987
107 132 18323
107 133 7300
107 134 1825
107 135 9563
107 136 16425
107 137 1168
107 138 6497
107 139 4964
107 140 9125
107 141 12337
107 142 12264
107 143 10804
107 144 15038
107 145 7811
107 146 15184
107 147 12848
107 148 7592
107 149 15257
107 150 17812
107 151 4964
107 152 13724
107 153 17082
107 154 15768
107 155 12556
107 156 18177
107 157 9344
107 158 12191
107 159 5986
107 160 3358
107 161 4088
107 162 1898
107 163 8614
107 164 11680
107 165 14235
107 166 2044
107 167 3650
107 168 11899
107 169 13651
107 170 17520
107 171 5475
107 172 7884
107 173 17228
107 174 1533
107 175 365
107 176 3796
107 177 16425
107 178 3431
107 179 15403
107 180 11388
107 181 16571
107 182 14600
107 183 6351
107 184 9198
107 185 10512
107 186 1679
107 187 1241
107 188 15695
107 189 16644
107 190 7227
107 191 9271
107 192 6351
107 193 12191
107 194 11096
107 195 3723
107 196 13432
107 197 6059
107 198 14965
107 199 3066
107 200 511
108 108 -106576
108 109 152
108 110 460
108 111 968
108 112 160
108 113 132
108 114 408
108 115 360
108 116 16
108 117 564
108 118 188
108 119 560
108 120 76
108 121 236
108 122 72
108 123 556
108 124 800
108 125 912
108 126 360
108 127 148
108 128 428
108 129 248
108 130 1000
108 131 876
108 132 1004
108 133 400
108 134 100
108 135 524
108 136 900
108 137 64
108 138 356
108 139 272
108 140 500
108 141 676
108 142 672
108 143 592
108 144 824
108 145 428
108 146 832
108 147 704
108 148 416
108 149 836
108 150 976
108 151 272
108 152 752
108 153 936
108 154 864
108 155 688
108 156 996
108 157 512
108 158 668
108 159 328
108 160 184
108 161 224
108 162 104
108 163 472
108 164 640
108 165 780
108 166 112
108 167 200
108 168 652
108 169 748
108 170 960
108 171 300
108 172 432
108 173 944
108 174 84
108 175 20
108 176 208
108 177 900
108 178 188
108 179 844
108 180 624
108 181 908
108 182 800
108 183 348
108 184 504
108 185 576
108 186 92
108 187 68
108 188 860
108 189 912
108 190 396
108 191 508
108 192 348
108 193 668
108 194 608
108 195 204
108 196 736
108 197 332
108 198 820
108 199 168
108 200 28
109 109 -1011180
109 110 4370
109 111 9196
109 112 1520
109 113 1254
109 114 3876
109 115 3420
109 116 152
109 117 5358
109 118 1786
109 119 5320
109 120 722
109 121 2242
109 122 684
109 123 5282
109 124 7600
109 125 8664
109 126 3420
109 127 1406
109 128 4066
109 129 2356
109 130 9500
109 131 8322
109 132 9538
109 133 3800
109 134 950
109 135 4978
109 136 8550
109 137 608
109 138 3382
109 139 2584
109 140 4750
109 141 6422
109 142 6384
109 143 5624
109 144 7828
109 145 4066
109 146 7904
109 147 6688
109 148 3952
109 149 7942
109 150 9272
109 151 2584
109 152 7144
109 153 8892
109 154 8208
109 155 6536
109 156 9462
109 157 4864
109 158 6346
109 159 3116
109 160 1748
109 161 2128
109 162 988
109 163 4484
109 164 6080
109 165 7410
109 166 1064
109 167 1900
109 168 6194
109 169 7106
109 170 9120
109 171 2850
109 172 4104
109 173 8968
109 174 798
109 175 190
109 176 1976
109 177 8550
109 178 1786
109 179 8018
109 180 5928
109 181 8626
109 182 7600
109 183 3306
109 184 4788
109 185 5472
109 186 874
109 187 646
109 188 8170
109 189 8664
109 190 3762
109 191 4826
109 192 3306
109 193 6346
109 194 5776
109 195 1938
109 196 6992
109 197 3154
109 198 7790
109 199 1596
109 200 266
110 110 -3051295
110 111 27830
110 112 4600
110 113 3795
110 114 11730
110 115 10350
110 116 460
110 117 16215
110 118 5405
110 119 16100
110 120 2185
110 121 6785
110 122 2070
110 123 15985
110 124 23000
110 125 26220
110 126 10350
110 127 4255
110 128 12305
110 129 7130
110 130 28750
110 131 25185
110 132 28865
110 133 11500
110 134 2875
110 135 15065
110 136 25875
110 137 1840
110 138 10235
110 139 7820
110 140 14375
110 141 19435
110 142 19320
110 143 17020
110 144 23690
110 145 12305
110 146 23920
110 147 20240
110 148 11960
110 149 24035
110 150 28060
110 151 7820
110 152 21620
110 153 26910
110 154 24840
110 155 19780
110 156 28635
110 157 14720
110 158 19205
110 159 9430
110 160 5290
110 161 6440
110 162 2990
110 163 13570
110 164 18400
110 165 22425
110 166 3220
110 167 5750
110 168 18745
110 169 21505
110 170 27600
110 171 8625
110 172 12420
110 173 27140
110 174 2415
110 175 575
110 176 5980
110 177 25875
110 178 5405
110 179 24265
110 180 17940
110 181 26105
110 182 23000
110 183 10005
110 184 14490
110 185 16560
110 186 2645
110 187 1955
110 188 24725
110 189 26220
110 190 11385
110 191 14605
110 192 10005
110 193 19205
110 194 17480
110 195 5865
110 196 21160
110 197 9545
110 198 23575
110 199 4830
110 200 805
111 111 -6390252
111 112 9680
111 113 7986
111 114 24684
111 115 21780
111 116 968
111 117 34122
111 118 11374
111 119 33880
111 120 4598
111 121 14278
111 122 4356
111 123 33638
111 124 48400
111 125 55176
111 126 21780
111 127 8954
111 128 25894
111 129 15004
111 130 60500
111 131 52998
111 132 60742
111 133 24200
111 134 6050
111 135 31702
111 136 54450
111 137 3872
111 138 21538
111 139 16456
111 140 30250
111 141 40898
111 142 40656
111 143 35816
111 144 49852
111 145 25894
111 146 50336
111 147 42592
111 148 25168
111 149 50578
111 150 59048
111 151 16456
111 152 45496
111 153 56628
111 154 52272
111 155 41624
111 156 60258
111 157 30976
111 158 40414
111 159 19844
111 160 11132
111 161 13552
111 162 6292
111 163 28556
111 164 38720
111 165 47190
111 166 6776
111 167 12100
111 168 39446
111 169 45254
111 170 58080
111 171 18150
111 172 26136
111 173 57112
111 174 5082
111 175 1210
111 176 12584
111 177 54450
111 178 11374
111 179 51062
111 180 37752
111 181 54934
111 182 48400
111 183 21054
111 184 30492
111 185 34848
111 186 5566
111 187 4114
111 188 52030
111 189 55176
111 190 23958
111 191 30734
111 192 21054
111 193 40414
111 194 36784
111 195 12342
111 196 44528
111 197 20086
111 198 49610
111 199 10164
111 200 1694
112 112 -1064320
112 113 1320
112 114 4080
112 115 3600
112 116 160
112 117 5640
112 118 1880
112 119 5600
112 120 760
112 121 2360
112 122 720
112 123 5560
112 124 8000
112 125 9120
112 126 3600
112 127 1480
112 128 4280
112 129 2480
112 130 10000
112 131 8760
112 132 10040
112 133 4000
112 134 1000
112 135 5240
112 136 9000
112 137 640
112 138 3560
112 139 2720
112 140 5000
112 141 6760
112 142 6720
112 143 5920
112 144 8240
112 145 4280
112 146 8320
112 147 7040
112 148 4160
112 149 8360
112 150 9760
112 151 2720
112 152 7520
112 153 9360
112 154 8640
112 155 6880
112 156 9960
112 157 5120
112 158 6680
112 159 3280
112 160 1840
112 161 2240
112 162 1040
112 163 4720
112 164 6400
112 165 7800
112 166 1120
112 167 2000
112 168 6520
112 169 7480
112 170 9600
112 171 3000
112 172 4320
112 173 9440
112 174 840
112 175 200
112 176 2080
112 177 9000
112 178 1880
112 179 8440
112 180 6240
112 181 9080
112 182 8000
112 183 3480
112 184 5040
112 185 5760
112 186 920
112 187 680
112 188 8600
112 189 9120
112 190 3960
112 191 5080
112 192 3480
112 193 6680
112 194 6080
112 195 2040
112 196 7360
112 197 3320
112 198 8200
112 199 1680
112 200 280
113 113 -878295
113 114 3366
113 115 2970
113 116 132
113 117 4653
113 118 1551
113 119 4620
113 120 627
113 121 1947
113 122 594
113 123 4587
113 124 6600
113 125 7524
113 126 2970
113 127 1221
113 128 3531
113 129 2046
113 130 8250
113 131 7227
113 132 8283
113 133 3300
113 134 825
113 135 4323
113 136 7425
113 137 528
113 138 2937
113 139 2244
113 140 4125
113 141 5577
113 142 5544
113 143 4884
113 144 6798
113 145 3531
113 146 6864
113 147 5808
113 148 3432
113 149 6897
113 150 8052
113 151 2244
113 152 6204
113 153 7722
113 154 7128
113 155 5676
113 156 8217
113 157 4224
113 158 5511
113 159 2706
113 160 1518
113 161 1848
113 162 858
113 163 3894
113 164 5280
113 165 6435
113 166 924
113 167 1650
113 168 5379
113 169 6171
113 170 7920
113 171 2475
113 172 3564
113 173 7788
113 174 693
113 175 165
113 176 1716
113 177 7425
113 178 1551
113 179 6963
113 180 5148
113 181 7491
113 182 6600
113 183 2871
113 184 4158
113 185 4752
113 186 759
113 187 561
113 188 7095
113 189 7524
113 190 3267
113 191 4191
113 192 2871
113 193 5511
113 194 5016
113 195 1683
113 196 6072
113 197 2739
113 198 6765
113 199 1386
113 200 231
114 114 -2707692
114 115 9180
114 116 408
114 117 14382
114 118 4794
114 119 14280
114 120 1938
114 121 6018
114 122 1836
114 123 14178
114 124 20400
114 125 23256
114 126 9180
114 127 3774
114 128 10914
114 129 6324
114 130 25500
114 131 22338
114 132 25602
114 133 10200
114 134 2550
114 135 13362
114 136 22950
114 137 1632
114 138 9078
114 139 6936
114 140 12750
114 141 17238
114 142 17136
114 143 15096
114 144 21012
114 145 10914
114 146 21216
114 147 17952
114 148 10608
114 149 21318
114 150 24888
114 151 6936
114 152 19176
114 153 23868
114 154 22032
114 155 17544
114 156 25398
114 157 13056
114 158 17034
114 159 8364
114 160 4692
114 161 5712
114 162 2652
114 163 12036
114 164 16320
114 165 19890
114 166 2856
114 167 5100
114 168 16626
114 169 19074
114 170 24480
114 171 7650
114 172 11016
114 173 24072
114 174 2142
114 175 510
114 176 5304
114 177 22950
114 178 4794
114 179 21522
114 180 15912
114 181 23154
114 182 20400
114 183 8874
114 184 12852
114 185 14688
114 186 2346
114 187 1734
114 188 21930
114 189 23256
114 190 10098
114 191 12954
114 192 8874
114 193 17034
114 194 15504
114 195 5202
114 196 18768
114 197 8466
114 198 20910
114 199 4284
114 200 714
115 115 -2390220
115 116 360
115 117 12690
115 118 4230
115 119 12600
115 120 1710
115 121 5310
115 122 1620
115 123 12510
115 124 18000
115 125 20520
115 126 8100
115 127 3330
115 128 9630
115 129 5580
115 130 22500
115 131 19710
115 132 22590
115 133 9000
115 134 2250
115 135 11790
115 136 20250
115 137 1440
115 138 8010
115 139 6120
115 140 11250
115 141 15210
115 142 15120
115 143 13320
115 144 18540
115 145 9630
115 146 18720
115 147 15840
115 148 9360
115 149 18810
115 150 21960
115 151 6120
115 152 16920
115 153 21060
115 154 19440
115 155 15480
115 156 22410
115 157 11520
115 158 15030
115 159 7380
115 160 4140
115 161 5040
115 162 2340
115 163 10620
115 164 14400
115 165 17550
115 166 2520
115 167 4500
115 168 14670
115 169 16830
115 170 21600
115 171 6750
115 172 9720
115 173 21240
115 174 1890
115 175 450
115 176 4680
115 177 20250
115 178 4230
115 179 18990
115 180 14040
115 181 20430
115 182 18000
115 183 7830
115 184 11340
115 185 12960
115 186 2070
115 187 1530
115 188 19350
115 189 20520
115 190 8910
115 191 11430
115 192 7830
115 193 15030
115 194 13680
115 195 4590
115 196 16560
115 197 7470
115 198 18450
115 199 3780
115 200 630
116 116 -106576
116 117 564
116 118 188
116 119 560
116 120 76
116 121 236
116 122 72
116 123 556
116 124 800
116 125 912
116 126 360
116 127 148
116 128 428
116 129 248
116 130 1000
116 131 876
116 132 1004
116 133 400
116 134 100
116 135 524
116 136 900
116 137 64
116 138 356
116 139 272
116 140 500
116 141 676
116 142 672
116 143 592
116 144 824
116 145 428
116 146 832
116 147 704
116 148 416
116 149 836
116 150 976
116 151 272
116 152 752
116 153 936
116 154 864
116 155 688
116 156 996
116 157 512
116 158 668
116 159 328
116 160 184
116 161 224
116 162 104
116 163 472
116 164 640
116 165 780
116 166 112
116 167 200
116 168 652
116 169 748
116 170 960
116 171 300
116 172 432
116 173 944
116 174 84
116 175 20
116 176 208
116 177 900
116 178 188
116 179 844
116 180 624
116 181 908
116 182 800
116 183 348
116 184 504
116 185 576
116 186 92
116 187 68
116 188 860
116 189 912
116 190 396
116 191 508
116 192 348
116 193 668
116 194 608
116 195 204
116 196 736
116 197 332
116 198 820
116 199 168
116 200 28
117 117 -3737487
117 118 6627
117 119 19740
117 120 2679
117 121 8319
117 122 2538
117 123 19599
117 124 28200
117 125 32148
117 126 12690
117 127 5217
117 128 15087
117 129 8742
117 130 35250
117 131 30879
117 132 35391
117 133 14100
117 134 3525
117 135 18471
117 136 31725
117 137 2256
117 138 12549
117 139 9588
117 140 17625
117 141 23829
117 142 23688
117 143 20868
117 144 29046
117 145 15087
117 146 29328
117 147 24816
117 148 14664
117 149 29469
117 150 34404
117 151 9588
117 152 26508
117 153 32994
117 154 30456
117 155 24252
117 156 35109
117 157 18048
117 158 23547
117 159 11562
117 160 6486
117 161 7896
117 162 3666
117 163 16638
117 164 22560
117 165 27495
117 166 3948
117 167 7050
117 168 22983
117 169 26367
117 170 33840
117 171 10575
117 172 15228
117 173 33276
117 174 2961
117 175 705
117 176 7332
117 177 31725
117 178 6627
117 179 29751
117 180 21996
117 181 32007
117 182 28200
117 183 12267
117 184 17766
117 185 20304
117 186 3243
117 187 2397
117 188 30315
117 189 32148
117 190 13959
117 191 17907
117 192 12267
117 193 23547
117 194 21432
117 195 7191
117 196 25944
117 197 11703
117 198 28905
117 199 5922
117 200 987
118 118 -1250247
118 119 6580
118 120 893
118 121 2773
118 122 846
118 123 6533
118 124 9400
118 125 10716
118 126 4230
118 127 1739
118 128 5029
118 129 2914
118 130 11750
118 131 10293
118 132 11797
118 133 4700
118 134 1175
118 135 6157
118 136 10575
118 137 752
118 138 4183
118 139 3196
118 140 5875
118 141 7943
118 142 7896
118 143 6956
118 144 9682
118 145 5029
118 146 9776
118 147 8272
118 148 4888
118 149 9823
118 150 11468
118 151 3196
118 152 8836
118 153 10998
118 154 10152
118 155 8084
118 156 11703
118 157 6016
118 158 7849
118 159 3854
118 160 2162
118 161 2632
118 162 1222
118 163 5546
118 164 7520
118 165 9165
118 166 1316
118 167 2350
118 168 7661
118 169 8789
118 170 11280
118 171 3525
118 172 5076
118 173 11092
118 174 987
118 175 235
118 176 2444
118 177 10575
118 178 2209
118 179 9917
118 180 7332
118 181 10669
118 182 9400
118 183 4089
118 184 5922
118 185 6768
118 186 1081
118 187 799
118 188 10105
118 189 10716
118 190 4653
118 191 5969
118 192 4089
118 193 7849
118 194 7144
118 195 2397
118 196 8648
118 197 3901
118 198 9635
118 199 1974
118 200 329
119 119 -3711120
119 120 2660
119 121 8260
119 122 2520
119 123 19460
119 124 28000
119 125 31920
119 126 12600
119 127 5180
119 128 14980
119 129 8680
119 130 35000
119 131 30660
119 132 35140
119 133 14000
119 134 3500
119 135 18340
119 136 31500
119 137 2240
119 138 12460
119 139 9520
119 140 17500
119 141 23660
119 142 23520
119 143 20720
119 144 28840
119 145 14980
119 146 29120
119 147 24640
119 148 14560
119 149 29260
119 150 34160
119 151 9520
119 152 26320
119 153 32760
119 154 30240
119 155 24080
119 156 34860
119 157 17920
119 158 23380
119 159 11480
119 160 6440
119 161 7840
119 162 3640
119 163 16520
119 164 22400
119 165 27300
119 166 3920
119 167 7000
119 168 22820
119 169 26180
119 170 33600
119 171 10500
119 172 15120
119 173 33040
119 174 2940
119 175 700
119 176 7280
119 177 31500
119 178 6580
119 179 29540
119 180 21840
119 181 31780
119 182 28000
119 183 12180
119 184 17640
119 185 20160
119 186 3220
119 187 2380
119 188 30100
119 189 31920
119 190 13860
119 191 17780
119 192 12180
119 193 23380
119 194 21280
119 195 7140
119 196 25760
119 197 11620
119 198 28700
119 199 5880
119 200 980
120 120 -505951
120 121 1121
120 122 342
120 123 2641
120 124 3800
120 125 4332
120 126 1710
120 127 703
120 128 2033
120 129 1178
120 130 4750
120 131 4161
120 132 4769
120 133 1900
120 134 475
120 135 2489
120 136 4275
120 137 304
120 138 1691
120 139 1292
120 140 2375
120 141 3211
120 142 3192
120 143 2812
120 144 3914
120 145 2033
120 146 3952
120 147 3344
120 148 1976
120 149 3971
120 150 4636
120 151 1292
120 152 3572
120 153 4446
120 154 4104
120 155 3268
120 156 4731
120 157 2432
120 158 3173
120 159 1558
120 160 874
120 161 1064
120 162 494
120 163 2242
120 164 3040
120 165 3705
120 166 532
120 167 950
120 168 3097
120 169 3553
120 170 4560
120 171 1425
120 172 2052
120 173 4484
120 174 399
120 175 95
120 176 988
120 177 4275
120 178 893
120 179 4009
120 180 2964
120 181 4313
120 182 3800
120 183 1653
120 184 2394
120 185 2736
120 186 437
120 187 323
120 188 4085
120 189 4332
120 190 1881
120 191 2413
120 192 1653
120 193 3173
120 194 2888
120 195 969
120 196 3496
120 197 1577
120 198 3895
120 199 798
120 200 133
121 121 -1568751
121 122 1062
121 123 8201
121 124 11800
121 125 13452
121 126 5310
121 127 2183
121 128 6313
121 129 3658
121 130 14750
121 131 12921
121 132 14809
121 133 5900
121 134 1475
121 135 7729
121 136 13275
121 137 944
121 138 5251
121 139 4012
121 140 7375
121 141 9971
121 142 9912
121 143 8732
121 144 12154
121 145 6313
121 146 12272
121 147 10384
121 148 6136
121 149 12331
121 150 14396
121 151 4012
121 152 11092
121 153 13806
121 154 12744
121 155 10148
121 156 14691
121 157 7552
121 158 9853
121 159 4838
121 160 2714
121 161 3304
121 162 1534
121 163 6962
121 164 9440
121 165 11505
121 166 1652
121 167 2950
121 168 9617
121 169 11033
121 170 14160
121 171 4425
121 172 6372
121 173 13924
121 174 1239
121 175 295
121 176 3068
121 177 13275
121 178 2773
121 179 12449
121 180 9204
121 181 13393
121 182 11800
121 183 5133
121 184 7434
121 185 8496
121 186 1357
121 187 1003
121 188 12685
121 189 13452
121 190 5841
121 191 7493
121 192 5133
121 193 9853
121 194 8968
121 195 3009
121 196 10856
121 197 4897
121 198 12095
121 199 2478
121 200 413
122 122 -479340
122 123 2502
122 124 3600
122 125 4104
122 126 1620
122 127 666
122 128 1926
122 129 1116
122 130 4500
122 131 3942
122 132 4518
122 133 1800
122 134 450
122 135 2358
122 136 4050
122 137 288
122 138 1602
122 139 1224
122 140 2250
122 141 3042
122 142 3024
122 143 2664
122 144 3708
122 145 1926
122 146 3744
122 147 3168
122 148 1872
122 149 3762
122 150 4392
122 151 1224
122 152 3384
122 153 4212
122 154 3888
122 155 3096
122 156 4482
122 157 2304
122 158 3006
122 159 1476
122 160 828
122 161 1008
122 162 468
122 163 2124
122 164 2880
122 165 3510
122 166 504
122 167 900
122 168 2934
122 169 3366
122 170 4320
122 171 1350
122 172 1944
122 173 4248
122 174 378
122 175 90
122 176 936
122 177 4050
122 178 846
122 179 3798
122 180 2808
122 181 4086
122 182 3600
122 183 1566
122 184 2268
122 185 2592
122 186 414
122 187 306
122 188 3870
122 189 4104
122 190 1782
122 191 2286
122 192 1566
122 193 3006
122 194 2736
122 195 918
122 196 3312
122 197 1494
122 198 3690
122 199 756
122 200 126
123 123 -3684751
123 124 27800
123 125 31692
123 126 12510
123 127 5143
123 128 14873
123 129 8618
123 130 34750
123 131 30441
123 132 34889
123 133 13900
123 134 3475
123 135 18209
123 136 31275
123 137 2224
123 138 12371
123 139 9452
123 140 17375
123 141 23491
123 142 23352
123 143 20572
123 144 28634
123 145 14873
123 146 28912
123 147 24464
123 148 14456
123 149 29051
123 150 33916
123 151 9452
123 152 26132
123 153 32526
123 154 30024
123 155 23908
123 156 34611
123 157 17792
123 158 23213
123 159 11398
123 160 6394
123 161 7784
123 162 3614
123 163 16402
123 164 22240
123 165 27105
123 166 3892
123 167 6950
123 168 22657
123 169 25993
123 170 33360
123 171 10425
123 172 15012
123 173 32804
123 174 2919
123 175 695
123 176 7228
123 177 31275
123 178 6533
123 179 29329
123 180 21684
123 181 31553
123 182 27800
123 183 12093
123 184 17514
123 185 20016
123 186 3197
123 187 2363
123 188 29885
123 189 31692
123 190 13761
123 191 17653
123 192 12093
123 193 23213
123 194 21128
123 195 7089
123 196 25576
123 197 11537
123 198 28495
123 199 5838
123 200 973
124 124 -5289600
124 125 45600
124 126 18000
124 127 7400
124 128 21400
124 129 12400
124 130 50000
124 131 43800
124 132 50200
124 133 20000
124 134 5000
124 135 26200
124 136 45000
124 137 3200
124 138 17800
124 139 13600
124 140 25000
124 141 33800
124 142 33600
124 143 29600
124 144 41200
124 145 21400
124 146 41600
124 147 35200
124 148 20800
124 149 41800
124 150 48800
124 151 13600
124 152 37600
124 153 46800
124 154 43200
124 155 34400
124 156 49800
124 157 25600
124 158 33400
124 159 16400
124 160 9200
124 161 11200
124 162 5200
124 163 23600
124 164 32000
124 165 39000
124 166 5600
124 167 10000
124 168 32600
124 169 37400
124 170 48000
124 171 15000
124 172 21600
124 173 47200
124 174 4200
124 175 1000
124 176 10400
124 177 45000
124 178 9400
124 179 42200
124 180 31200
124 181 45400
124 182 40000
124 183 17400
124 184 25200
124 185 28800
124 186 4600
124 187 3400
124 188 43000
124 189 45600
124 190 19800
124 191 25400
124 192 17400
124 193 33400
124 194 30400
124 195 10200
124 196 36800
124 197 16600
124 198 41000
124 199 8400
124 200 1400
125 125 -6023760
125 126 20520
125 127 8436
125 128 24396
125 129 14136
125 130 57000
125 131 49932
125 132 57228
125 133 22800
125 134 5700
125 135 29868
125 136 51300
125 137 3648
125 138 20292
125 139 15504
125 140 28500
125 141 38532
125 142 38304
125 143 33744
125 144 46968
125 145 24396
125 146 47424
125 147 40128
125 148 23712
125 149 47652
125 150 55632
125 151 15504
125 152 42864
125 153 53352
125 154 49248
125 155 39216
125 156 56772
125 157 29184
125 158 38076
125 159 18696
125 160 10488
125 161 12768
125 162 5928
125 163 26904
125 164 36480
125 165 44460
125 166 6384
125 167 11400
125 168 37164
125 169 42636
125 170 54720
125 171 17100
125 172 24624
125 173 53808
125 174 4788
125 175 1140
125 176 11856
125 177 51300
125 178 10716
125 179 48108
125 180 35568
125 181 51756
125 182 45600
125 183 19836
125 184 28728
125 185 32832
125 186 5244
125 187 3876
125 188 49020
125 189 51984
125 190 22572
125 191 28956
125 192 19836
125 193 38076
125 194 34656
125 195 11628
125 196 41952
125 197 18924
125 198 46740
125 199 9576
125 200 1596
126 126 -2390220
126 127 3330
126 128 9630
126 129 5580
126 130 22500
126 131 19710
126 132 22590
126 133 9000
126 134 2250
126 135 11790
126 136 20250
126 137 1440
126 138 8010
126 139 6120
126 140 11250
126 141 15210
126 142 15120
126 143 13320
126 144 18540
126 145 9630
126 146 18720
126 147 15840
126 148 9360
126 149 18810
126 150 21960
126 151 6120
126 152 16920
126 153 21060
126 154 19440
126 155 15480
126 156 22410
126 157 11520
126 158 15030
126 159 7380
126 160 4140
126 161 5040
126 162 2340
126 163 10620
126 164 14400
126 165 17550
126 166 2520
126 167 4500
126 168 14670
126 169 16830
126 170 21600
126 171 6750
126 172 9720
126 173 21240
126 174 1890
126 175 450
126 176 4680
126 177 20250
126 178 4230
126 179 18990
126 180 14040
126 181 20430
126 182 18000
126 183 7830
126 184 11340
126 185 12960
126 186 2070
126 187 1530
126 188 19350
126 189 20520
126 190 8910
126 191 11430
126 192 7830
126 193 15030
126 194 13680
126 195 4590
126 196 16560
126 197 7470
126 198 18450
126 199 3780
126 200 630
127 127 -984607
127 128 3959
127 129 2294
127 130 9250
127 131 8103
127 132 9287
127 133 3700
127 134 925
127 135 4847
127 136 8325
127 137 592
127 138 3293
127 139 2516
127 140 4625
127 141 6253
127 142 6216
127 143 5476
127 144 7622
127 145 3959
127 146 7696
127 147 6512
127 148 3848
127 149 7733
127 150 9028
127 151 2516
127 152 6956
127 153 8658
127 154 7992
127 155 6364
127 156 9213
127 157 4736
127 158 6179
127 159 3034
127 160 1702
127 161 2072
127 162 962
127 163 4366
127 164 5920
127 165 7215
127 166 1036
127 167 1850
127 168 6031
127 169 6919
127 170 8880
127 171 2775
127 172 3996
127 173 8732
127 174 777
127 175 185
127 176 1924
127 177 8325
127 178 1739
127 179 7807
127 180 5772
127 181 8399
127 182 7400
127 183 3219
127 184 4662
127 185 5328
127 186 851
127 187 629
127 188 7955
127 189 8436
127 190 3663
127 191 4699
127 192 3219
127 193 6179
127 194 5624
127 195 1887
127 196 6808
127 197 3071
127 198 7585
127 199 1554
127 200 259
128 128 -2839887
128 129 6634
128 130 26750
128 131 23433
128 132 26857
128 133 10700
128 134 2675
128 135 14017
128 136 24075
128 137 1712
128 138 9523
128 139 7276
128 140 13375
128 141 18083
128 142 17976
128 143 15836
128 144 22042
128 145 11449
128 146 22256
128 147 18832
128 148 11128
128 149 22363
128 150 26108
128 151 7276
128 152 20116
128 153 25038
128 154 23112
128 155 18404
128 156 26643
128 157 13696
128 158 17869
128 159 8774
128 160 4922
128 161 5992
128 162 2782
128 163 12626
128 164 17120
128 165 20865
128 166 2996
128 167 5350
128 168 17441
128 169 20009
128 170 25680
128 171 8025
128 172 11556
128 173 25252
128 174 2247
128 175 535
128 176 5564
128 177 24075
128 178 5029
128 179 22577
128 180 16692
128 181 24289
128 182 21400
128 183 9309
128 184 13482
128 185 15408
128 186 2461
128 187 1819
128 188 23005
128 189 24396
128 190 10593
128 191 13589
128 192 9309
128 193 17869
128 194 16264
128 195 5457
128 196 19688
128 197 8881
128 198 21935
128 199 4494
128 200 749
129 129 -1648332
129 130 15500
129 131 13578
129 132 15562
129 133 6200
129 134 1550
129 135 8122
129 136 13950
129 137 992
129 138 5518
129 139 4216
129 140 7750
129 141 10478
129 142 10416
129 143 9176
129 144 12772
129 145 6634
129 146 12896
129 147 10912
129 148 6448
129 149 12958
129 150 15128
129 151 4216
129 152 11656
129 153 14508
129 154 13392
129 155 10664
129 156 15438
129 157 7936
129 158 10354
129 159 5084
129 160 2852
129 161 3472
129 162 1612
129 163 7316
129 164 9920
129 165 12090
129 166 1736
129 167 3100
129 168 10106
129 169 11594
129 170 14880
129 171 4650
129 172 6696
129 173 14632
129 174 1302
129 175 310
129 176 3224
129 177 13950
129 178 2914
129 179 13082
129 180 9672
129 181 14074
129 182 12400
129 183 5394
129 184 7812
129 185 8928
129 186 1426
129 187 1054
129 188 13330
129 189 14136
129 190 6138
129 191 7874
129 192 5394
129 193 10354
129 194 9424
129 195 3162
129 196 11408
129 197 5146
129 198 12710
129 199 2604
129 200 434
130 130 -6599500
130 131 54750
130 132 62750
130 133 25000
130 134 6250
130 135 32750
130 136 56250
130 137 4000
130 138 22250
130 139 17000
130 140 31250
130 141 42250
130 142 42000
130 143 37000
130 144 51500
130 145 26750
130 146 52000
130 147 44000
130 148 26000
130 149 52250
130 150 61000
130 151 17000
130 152 47000
130 153 58500
130 154 54000
130 155 43000
130 156 62250
130 157 32000
130 158 41750
130 159 20500
130 160 11500
130 161 14000
130 162 6500
130 163 29500
130 164 40000
130 165 48750
130 166 7000
130 167 12500
130 168 40750
130 169 46750
130 170 60000
130 171 18750
130 172 27000
130 173 59000
130 174 5250
130 175 1250
130 176 13000
130 177 56250
130 178 11750
130 179 52750
130 180 39000
130 181 56750
130 182 50000
130 183 21750
130 184 31500
130 185 36000
130 186 5750
130 187 4250
130 188 53750
130 189 57000
130 190 24750
130 191 31750
130 192 21750
130 193 41750
130 194 38000
130 195 12750
130 196 46000
130 197 20750
130 198 51250
130 199 10500
130 200 1750
131 131 -5787951
131 132 54969
131 133 21900
131 134 5475
131 135 28689
131 136 49275
131 137 3504
131 138 19491
131 139 14892
131 140 27375
131 141 37011
131 142 36792
131 143 32412
131 144 45114
131 145 23433
131 146 45552
131 147 38544
131 148 22776
131 149 45771
131 150 53436
131 151 14892
131 152 41172
131 153 51246
131 154 47304
131 155 37668
131 156 54531
131 157 28032
131 158 36573
131 159 17958
131 160 10074
131 161 12264
131 162 5694
131 163 25842
131 164 35040
131 165 42705
131 166 6132
131 167 10950
131 168 35697
131 169 40953
131 170 52560
131 171 16425
131 172 23652
131 173 51684
131 174 4599
131 175 1095
131 176 11388
131 177 49275
131 178 10293
131 179 46209
131 180 34164
131 181 49713
131 182 43800
131 183 19053
131 184 27594
131 185 31536
131 186 5037
131 187 3723
131 188 47085
131 189 49932
131 190 21681
131 191 27813
131 192 19053
131 193 36573
131 194 33288
131 195 11169
131 196 40296
131 197 18177
131 198 44895
131 199 9198
131 200 1533
132 132 -6625647
132 133 25100
132 134 6275
132 135 32881
132 136 56475
132 137 4016
132 138 22339
132 139 17068
132 140 31375
132 141 42419
132 142 42168
132 143 37148
132 144 51706
132 145 26857
132 146 52208
132 147 44176
132 148 26104
132 149 52459
132 150 61244
132 151 17068
132 152 47188
132 153 58734
132 154 54216
132 155 43172
132 156 62499
132 157 32128
132 158 41917
132 159 20582
132 160 11546
132 161 14056
132 162 6526
132 163 29618
132 164 40160
132 165 48945
132 166 7028
132 167 12550
132 168 40913
132 169 46937
132 170 60240
132 171 18825
132 172 27108
132 173 59236
132 174 5271
132 175 1255
132 176 13052
132 177 56475
132 178 11797
132 179 52961
132 180 39156
132 181 56977
132 182 50200
132 183 21837
132 184 31626
132 185 36144
132 186 5773
132 187 4267
132 188 53965
132 189 57228
132 190 24849
132 191 31877
132 192 21837
132 193 41917
132 194 38152
132 195 12801
132 196 46184
132 197 20833
132 198 51455
132 199 10542
132 200 1757
133 133 -2654800
133 134 2500
133 135 13100
133 136 22500
133 137 1600
133 138 8900
133 139 6800
133 140 12500
133 141 16900
133 142 16800
133 143 14800
133 144 20600
133 145 10700
133 146 20800
133 147 17600
133 148 10400
133 149 20900
133 150 24400
133 151 6800
133 152 18800
133 153 23400
133 154 21600
133 155 17200
133 156 24900
133 157 12800
133 158 16700
133 159 8200
133 160 4600
133 161 5600
133 162 2600
133 163 11800
133 164 16000
133 165 19500
133 166 2800
133 167 5000
133 168 16300
133 169 18700
133 170 24000
133 171 7500
133 172 10800
133 173 23600
133 174 2100
133 175 500
133 176 5200
133 177 22500
133 178 4700
133 179 21100
133 180 15600
133 181 22700
133 182 20000
133 183 8700
133 184 12600
133 185 14400
133 186 2300
133 187 1700
133 188 21500
133 189 22800
133 190 9900
133 191 12700
133 192 8700
133 193 16700
133 194 15200
133 195 5100
133 196 18400
133 197 8300
133 198 20500
133 199 4200
133 200 700
134 134 -665575
134 135 3275
134 136 5625
134 137 400
134 138 2225
134 139 1700
134 140 3125
134 141 4225
134 142 4200
134 143 3700
134 144 5150
134 145 2675
134 146 5200
134 147 4400
134 148 2600
134 149 5225
134 150 6100
134 151 1700
134 152 4700
134 153 5850
134 154 5400
134 155 4300
134 156 6225
134 157 3200
134 158 4175
134 159 2050
134 160 1150
134 161 1400
134 162 650
134 163 2950
134 164 4000
134 165 4875
134 166 700
134 167 1250
134 168 4075
134 169 4675
134 170 6000
134 171 1875
134 172 2700
134 173 5900
134 174 525
134 175 125
134 176 1300
134 177 5625
134 178 1175
134 179 5275
134 180 3900
134 181 5675
134 182 5000
134 183 2175
134 184 3150
134 185 3600
134 186 575
134 187 425
134 188 5375
134 189 5700
134 190 2475
134 191 3175
134 192 2175
134 193 4175
134 194 3800
134 195 1275
134 196 4600
134 197 2075
134 198 5125
134 199 1050
134 200 175
135 135 -3473727
135 136 29475
135 137 2096
135 138 11659
135 139 8908
135 140 16375
135 141 22139
135 142 22008
135 143 19388
135 144 26986
135 145 14017
135 146 27248
135 147 23056
135 148 13624
135 149 27379
135 150 31964
135 151 8908
135 152 24628
135 153 30654
135 154 28296
135 155 22532
135 156 32619
135 157 16768
135 158 21877
135 159 10742
135 160 6026
135 161 7336
135 162 3406
135 163 15458
135 164 20960
135 165 25545
135 166 3668
135 167 6550
135 168 21353
135 169 24497
135 170 31440
135 171 9825
135 172 14148
135 173 30916
135 174 2751
135 175 655
135 176 6812
135 177 29475
135 178 6157
135 179 27641
135 180 20436
135 181 29737
135 182 26200
135 183 11397
135 184 16506
135 185 18864
135 186 3013
135 187 2227
135 188 28165
135 189 29868
135 190 12969
135 191 16637
135 192 11397
135 193 21877
135 194 19912
135 195 6681
135 196 24104
135 197 10873
135 198 26855
135 199 5502
135 200 917
136 136 -5945175
136 137 3600
136 138 20025
136 139 15300
136 140 28125
136 141 38025
136 142 37800
136 143 33300
136 144 46350
136 145 24075
136 146 46800
136 147 39600
136 148 23400
136 149 47025
136 150 54900
136 151 15300
136 152 42300
136 153 52650
136 154 48600
136 155 38700
136 156 56025
136 157 28800
136 158 37575
136 159 18450
136 160 10350
136 161 12600
136 162 5850
136 163 26550
136 164 36000
136 165 43875
136 166 6300
136 167 11250
136 168 36675
136 169 42075
136 170 54000
136 171 16875
136 172 24300
136 173 53100
136 174 4725
136 175 1125
136 176 11700
136 177 50625
136 178 10575
136 179 47475
136 180 35100
136 181 51075
136 182 45000
136 183 19575
136 184 28350
136 185 32400
136 186 5175
136 187 3825
136 188 48375
136 189 51300
136 190 22275
136 191 28575
136 192 19575
136 193 37575
136 194 34200
136 195 11475
136 196 41400
136 197 18675
136 198 46125
136 199 9450
136 200 1575
137 137 -426112
137 138 1424
137 139 1088
137 140 2000
137 141 2704
137 142 2688
137 143 2368
137 144 3296
137 145 1712
137 146 3328
137 147 2816
137 148 1664
137 149 3344
137 150 3904
137 151 1088
137 152 3008
137 153 3744
137 154 3456
137 155 2752
137 156 3984
137 157 2048
137 158 2672
137 159 1312
137 160 736
137 161 896
137 162 416
137 163 1888
137 164 2560
137 165 3120
137 166 448
137 167 800
137 168 2608
137 169 2992
137 170 3840
137 171 1200
137 172 1728
137 173 3776
137 174 336
137 175 80
137 176 832
137 177 3600
137 178 752
137 179 3376
137 180 2496
137 181 3632
137 182 3200
137 183 1392
137 184 2016
137 185 2304
137 186 368
137 187 272
137 188 3440
137 189 3648
137 190 1584
137 191 2032
137 192 1392
137 193 2672
137 194 2432
137 195 816
137 196 2944
137 197 1328
137 198 3280
137 199 672
137 200 112
138 138 -2363751
138 139 6052
138 140 11125
138 141 15041
138 142 14952
138 143 13172
138 144 18334
138 145 9523
138 146 18512
138 147 15664
138 148 9256
138 149 18601
138 150 21716
138 151 6052
138 152 16732
138 153 20826
138 154 19224
138 155 15308
138 156 22161
138 157 11392
138 158 14863
138 159 7298
138 160 4094
138 161 4984
138 162 2314
138 163 10502
138 164 14240
138 165 17355
138 166 2492
138 167 4450
138 168 14507
138 169 16643
138 170 21360
138 171 6675
138 172 9612
138 173 21004
138 174 1869
138 175 445
138 176 4628
138 177 20025
138 178 4183
138 179 18779
138 180 13884
138 181 20203
138 182 17800
138 183 7743
138 184 11214
138 185 12816
138 186 2047
138 187 1513
138 188 19135
138 189 20292
138 190 8811
138 191 11303
138 192 7743
138 193 14863
138 194 13528
138 195 4539
138 196 16376
138 197 7387
138 198 18245
138 199 3738
138 200 623
139 139 -1807440
139 140 8500
139 141 11492
139 142 11424
139 143 10064
139 144 14008
139 145 7276
139 146 14144
139 147 11968
139 148 7072
139 149 14212
139 150 16592
139 151 4624
139 152 12784
139 153 15912
139 154 14688
139 155 11696
139 156 16932
139 157 8704
139 158 11356
139 159 5576
139 160 3128
139 161 3808
139 162 1768
139 163 8024
139 164 10880
139 165 13260
139 166 1904
139 167 3400
139 168 11084
139 169 12716
139 170 16320
139 171 5100
139 172 7344
139 173 16048
139 174 1428
139 175 340
139 176 3536
139 177 15300
139 178 3196
139 179 14348
139 180 10608
139 181 15436
139 182 13600
139 183 5916
139 184 8568
139 185 9792
139 186 1564
139 187 1156
139 188 14620
139 189 15504
139 190 6732
139 191 8636
139 192 5916
139 193 11356
139 194 10336
139 195 3468
139 196 12512
139 197 5644
139 198 13940
139 199 2856
139 200 476
140 140 -3315375
140 141 21125
140 142 21000
140 143 18500
140 144 25750
140 145 13375
140 146 26000
140 147 22000
140 148 13000
140 149 26125
140 150 30500
140 151 8500
140 152 23500
140 153 29250
140 154 27000
140 155 21500
140 156 31125
140 157 16000
140 158 20875
140 159 10250
140 160 5750
140 161 7000
140 162 3250
140 163 14750
140 164 20000
140 165 24375
140 166 3500
140 167 6250
140 168 20375
140 169 23375
140 170 30000
140 171 9375
140 172 13500
140 173 29500
140 174 2625
140 175 625
140 176 6500
140 177 28125
140 178 5875
140 179 26375
140 180 19500
140 181 28375
140 182 25000
140 183 10875
140 184 15750
140 185 18000
140 186 2875
140 187 2125
140 188 26875
140 189 28500
140 190 12375
140 191 15875
140 192 10875
140 193 20875
140 194 19000
140 195 6375
140 196 23000
140 197 10375
140 198 25625
140 199 5250
140 200 875
141 141 -4474951
141 142 28392
141 143 25012
141 144 34814
141 145 18083
141 146 35152
141 147 29744
141 148 17576
141 149 35321
141 150 41236
141 151 11492
141 152 31772
141 153 39546
141 154 36504
141 155 29068
141 156 42081
141 157 21632
141 158 28223
141 159 13858
141 160 7774
141 161 9464
141 162 4394
141 163 19942
141 164 27040
141 165 32955
141 166 4732
141 167 8450
141 168 27547
141 169 31603
141 170 40560
141 171 12675
141 172 18252
141 173 39884
141 174 3549
141 175 845
141 176 8788
141 177 38025
141 178 7943
141 179 35659
141 180 26364
141 181 38363
141 182 33800
141 183 14703
141 184 21294
141 185 24336
141 186 3887
141 187 2873
141 188 36335
141 189 38532
141 190 16731
141 191 21463
141 192 14703
141 193 28223
141 194 25688
141 195 8619
141 196 31096
141 197 14027
141 198 34645
141 199 7098
141 200 1183
142 142 -4448640
142 143 24864
142 144 34608
142 145 17976
142 146 34944
142 147 29568
142 148 17472
142 149 35112
142 150 40992
142 151 11424
142 152 31584
142 153 39312
142 154 36288
142 155 28896
142 156 41832
142 157 21504
142 158 28056
142 159 13776
142 160 7728
142 161 9408
142 162 4368
142 163 19824
142 164 26880
142 165 32760
142 166 4704
142 167 8400
142 168 27384
142 169 31416
142 170 40320
142 171 12600
142 172 18144
142 173 39648
142 174 3528
142 175 840
142 176 8736
142 177 37800
142 178 7896
142 179 35448
142 180 26208
142 181 38136
142 182 33600
142 183 14616
142 184 21168
142 185 24192
142 186 3864
142 187 2856
142 188 36120
142 189 38304
142 190 16632
142 191 21336
142 192 14616
142 193 28056
142 194 25536
142 195 8568
142 196 30912
142 197 13944
142 198 34440
142 199 7056
142 200 1176
143 143 -3922000
143 144 30488
143 145 15836
143 146 30784
143 147 26048
143 148 15392
143 149 30932
143 150 36112
143 151 10064
143 152 27824
143 153 34632
143 154 31968
143 155 25456
143 156 36852
143 157 18944
143 158 24716
143 159 12136
143 160 6808
143 161 8288
143 162 3848
143 163 17464
143 164 23680
143 165 28860
143 166 4144
143 167 7400
143 168 24124
143 169 27676
143 170 35520
143 171 11100
143 172 15984
143 173 34928
143 174 3108
143 175 740
143 176 7696
143 177 33300
143 178 6956
143 179 31228
143 180 23088
143 181 33596
143 182 29600
143 183 12876
143 184 18648
143 185 21312
143 186 3404
143 187 2516
143 188 31820
143 189 33744
143 190 14652
143 191 18796
143 192 12876
143 193 24716
143 194 22496
143 195 7548
143 196 27232
143 197 12284
143 198 30340
143 199 6216
143 200 1036
144 144 -5447052
144 145 22042
144 146 42848
144 147 36256
144 148 21424
144 149 43054
144 150 50264
144 151 14008
144 152 38728
144 153 48204
144 154 44496
144 155 35432
144 156 51294
144 157 26368
144 158 34402
144 159 16892
144 160 9476
144 161 11536
144 162 5356
144 163 24308
144 164 32960
144 165 40170
144 166 5768
144 167 10300
144 168 33578
144 169 38522
144 170 49440
144 171 15450
144 172 22248
144 173 48616
144 174 4326
144 175 1030
144 176 10712
144 177 46350
144 178 9682
144 179 43466
144 180 32136
144 181 46762
144 182 41200
144 183 17922
144 184 25956
144 185 29664
144 186 4738
144 187 3502
144 188 44290
144 189 46968
144 190 20394
144 191 26162
144 192 17922
144 193 34402
144 194 31312
144 195 10506
144 196 37904
144 197 17098
144 198 42230
144 199 8652
144 200 1442
145 145 -2839887
145 146 22256
145 147 18832
145 148 11128
145 149 22363
145 150 26108
145 151 7276
145 152 20116
145 153 25038
145 154 23112
145 155 18404
145 156 26643
145 157 13696
145 158 17869
145 159 8774
145 160 4922
145 161 5992
145 162 2782
145 163 12626
145 164 17120
145 165 20865
145 166 2996
145 167 5350
145 168 17441
145 169 20009
145 170 25680
145 171 8025
145 172 11556
145 173 25252
145 174 2247
145 175 535
145 176 5564
145 177 24075
145 178 5029
145 179 22577
145 180 16692
145 181 24289
145 182 21400
145 183 9309
145 184 13482
145 185 15408
145 186 2461
145 187 1819
145 188 23005
145 189 24396
145 190 10593
145 191 13589
145 192 9309
145 193 17869
145 194 16264
145 195 5457
145 196 19688
145 197 8881
145 198 21935
145 199 4494
145 200 749
146 146 -5499520
146 147 36608
146 148 21632
146 149 43472
146 150 50752
146 151 14144
146 152 39104
146 153 48672
146 154 44928
146 155 35776
146 156 51792
146 157 26624
146 158 34736
146 159 17056
146 160 9568
146 161 11648
146 162 5408
146 163 24544
146 164 33280
146 165 40560
146 166 5824
146 167 10400
146 168 33904
146 169 38896
146 170 49920
146 171 15600
146 172 22464
146 173 49088
146 174 4368
146 175 1040
146 176 10816
146 177 46800
146 178 9776
146 179 43888
146 180 32448
146 181 47216
146 182 41600
146 183 18096
146 184 26208
146 185 29952
146 186 4784
146 187 3536
146 188 44720
146 189 47424
146 190 20592
146 191 26416
146 192 18096
146 193 34736
146 194 31616
146 195 10608
146 196 38272
146 197 17264
146 198 42640
146 199 8736
146 200 1456
147 147 -4659072
147 148 18304
147 149 36784
147 150 42944
147 151 11968
147 152 33088
147 153 41184
147 154 38016
147 155 30272
147 156 43824
147 157 22528
147 158 29392
147 159 14432
147 160 8096
147 161 9856
147 162 4576
147 163 20768
147 164 28160
147 165 34320
147 166 4928
147 167 8800
147 168 28688
147 169 32912
147 170 42240
147 171 13200
147 172 19008
147 173 41536
147 174 3696
147 175 880
147 176 9152
147 177 39600
147 178 8272
147 179 37136
147 180 27456
147 181 39952
147 182 35200
147 183 15312
147 184 22176
147 185 25344
147 186 4048
147 187 2992
147 188 37840
147 189 40128
147 190 17424
147 191 22352
147 192 15312
147 193 29392
147 194 26752
147 195 8976
147 196 32384
147 197 14608
147 198 36080
147 199 7392
147 200 1232
148 148 -2760576
148 149 21736
148 150 25376
148 151 7072
148 152 19552
148 153 24336
148 154 22464
148 155 17888
148 156 25896
148 157 13312
148 158 17368
148 159 8528
148 160 4784
148 161 5824
148 162 2704
148 163 12272
148 164 16640
148 165 20280
148 166 2912
148 167 5200
148 168 16952
148 169 19448
148 170 24960
148 171 7800
148 172 11232
148 173 24544
148 174 2184
148 175 520
148 176 5408
148 177 23400
148 178 4888
148 179 21944
148 180 16224
148 181 23608
148 182 20800
148 183 9048
148 184 13104
148 185 14976
148 186 2392
148 187 1768
148 188 22360
148 189 23712
148 190 10296
148 191 13208
148 192 9048
148 193 17368
148 194 15808
148 195 5304
148 196 19136
148 197 8632
148 198 21320
148 199 4368
148 200 728
149 149 -5525751
149 150 50996
149 151 14212
149 152 39292
149 153 48906
149 154 45144
149 155 35948
149 156 52041
149 157 26752
149 158 34903
149 159 17138
149 160 9614
149 161 11704
149 162 5434
149 163 24662
149 164 33440
149 165 40755
149 166 5852
149 167 10450
149 168 34067
149 169 39083
149 170 50160
149 171 15675
149 172 22572
149 173 49324
149 174 4389
149 175 1045
149 176 10868
149 177 47025
149 178 9823
149 179 44099
149 180 32604
149 181 47443
149 182 41800
149 183 18183
149 184 26334
149 185 30096
149 186 4807
149 187 3553
149 188 44935
149 189 47652
149 190 20691
149 191 26543
149 192 18183
149 193 34903
149 194 31768
149 195 10659
149 196 38456
149 197 17347
149 198 42845
149 199 8778
149 200 1463
150 150 -6442576
150 151 16592
150 152 45872
150 153 57096
150 154 52704
150 155 41968
150 156 60756
150 157 31232
150 158 40748
150 159 20008
150 160 11224
150 161 13664
150 162 6344
150 163 28792
150 164 39040
150 165 47580
150 166 6832
150 167 12200
150 168 39772
150 169 45628
150 170 58560
150 171 18300
150 172 26352
150 173 57584
150 174 5124
150 175 1220
150 176 12688
150 177 54900
150 178 11468
150 179 51484
150 180 38064
150 181 55388
150 182 48800
150 183 21228
150 184 30744
150 185 35136
150 186 5612
150 187 4148
150 188 52460
150 189 55632
150 190 24156
150 191 30988
150 192 21228
150 193 40748
150 194 37088
150 195 12444
150 196 44896
150 197 20252
150 198 50020
150 199 10248
150 200 1708
151 151 -1807440
151 152 12784
151 153 15912
151 154 14688
151 155 11696
151 156 16932
151 157 8704
151 158 11356
151 159 5576
151 160 3128
151 161 3808
151 162 1768
151 163 8024
151 164 10880
151 165 13260
151 166 1904
151 167 3400
151 168 11084
151 169 12716
151 170 16320
151 171 5100
151 172 7344
151 173 16048
151 174 1428
151 175 340
151 176 3536
151 177 15300
151 178 3196
151 179 14348
151 180 10608
151 181 15436
151 182 13600
151 183 5916
151 184 8568
151 185 9792
151 186 1564
151 187 1156
151 188 14620
151 189 15504
151 190 6732
151 191 8636
151 192 5916
151 193 11356
151 194 10336
151 195 3468
151 196 12512
151 197 5644
151 198 13940
151 199 2856
151 200 476
152 152 -4974480
152 153 43992
152 154 40608
152 155 32336
152 156 46812
152 157 24064
152 158 31396
152 159 15416
152 160 8648
152 161 10528
152 162 4888
152 163 22184
152 164 30080
152 165 36660
152 166 5264
152 167 9400
152 168 30644
152 169 35156
152 170 45120
152 171 14100
152 172 20304
152 173 44368
152 174 3948
152 175 940
152 176 9776
152 177 42300
152 178 8836
152 179 39668
152 180 29328
152 181 42676
152 182 37600
152 183 16356
152 184 23688
152 185 27072
152 186 4324
152 187 3196
152 188 40420
152 189 42864
152 190 18612
152 191 23876
152 192 16356
152 193 31396
152 194 28576
152 195 9588
152 196 34592
152 197 15604
152 198 38540
152 199 7896
152 200 1316
153 153 -6180876
153 154 50544
153 155 40248
153 156 58266
153 157 29952
153 158 39078
153 159 19188
153 160 10764
153 161 13104
153 162 6084
153 163 27612
153 164 37440
153 165 45630
153 166 6552
153 167 11700
153 168 38142
153 169 43758
153 170 56160
153 171 17550
153 172 25272
153 173 55224
153 174 4914
153 175 1170
153 176 12168
153 177 52650
153 178 10998
153 179 49374
153 180 36504
153 181 53118
153 182 46800
153 183 20358
153 184 29484
153 185 33696
153 186 5382
153 187 3978
153 188 50310
153 189 53352
153 190 23166
153 191 29718
153 192 20358
153 193 39078
153 194 35568
153 195 11934
153 196 43056
153 197 19422
153 198 47970
153 199 9828
153 200 1638
154 154 -5709312
154 155 37152
154 156 53784
154 157 27648
154 158 36072
154 159 17712
154 160 9936
154 161 12096
154 162 5616
154 163 25488
154 164 34560
154 165 42120
154 166 6048
154 167 10800
154 168 35208
154 169 40392
154 170 51840
154 171 16200
154 172 23328
154 173 50976
154 174 4536
154 175 1080
154 176 11232
154 177 48600
154 178 10152
154 179 45576
154 180 33696
154 181 49032
154 182 43200
154 183 18792
154 184 27216
154 185 31104
154 186 4968
154 187 3672
154 188 46440
154 189 49248
154 190 21384
154 191 27432
154 192 18792
154 193 36072
154 194 32832
154 195 11016
154 196 39744
154 197 17928
154 198 44280
154 199 9072
154 200 1512
155 155 -4553872
155 156 42828
155 157 22016
155 158 28724
155 159 14104
155 160 7912
155 161 9632
155 162 4472
155 163 20296
155 164 27520
155 165 33540
155 166 4816
155 167 8600
155 168 28036
155 169 32164
155 170 41280
155 171 12900
155 172 18576
155 173 40592
155 174 3612
155 175 860
155 176 8944
155 177 38700
155 178 8084
155 179 36292
155 180 26832
155 181 39044
155 182 34400
155 183 14964
155 184 21672
155 185 24768
155 186 3956
155 187 2924
155 188 36980
155 189 39216
155 190 17028
155 191 21844
155 192 14964
155 193 28724
155 194 26144
155 195 8772
155 196 31648
155 197 14276
155 198 35260
155 199 7224
155 200 1204
156 156 -6573351
156 157 31872
156 158 41583
156 159 20418
156 160 11454
156 161 13944
156 162 6474
156 163 29382
156 164 39840
156 165 48555
156 166 6972
156 167 12450
156 168 40587
156 169 46563
156 170 59760
156 171 18675
156 172 26892
156 173 58764
156 174 5229
156 175 1245
156 176 12948
156 177 56025
156 178 11703
156 179 52539
156 180 38844
156 181 56523
156 182 49800
156 183 21663
156 184 31374
156 185 35856
156 186 5727
156 187 4233
156 188 53535
156 189 56772
156 190 24651
156 191 31623
156 192 21663
156 193 41583
156 194 37848
156 195 12699
156 196 45816
156 197 20667
156 198 51045
156 199 10458
156 200 1743
157 157 -3394560
157 158 21376
157 159 10496
157 160 5888
157 161 7168
157 162 3328
157 163 15104
157 164 20480
157 165 24960
157 166 3584
157 167 6400
157 168 20864
157 169 23936
157 170 30720
157 171 9600
157 172 13824
157 173 30208
157 174 2688
157 175 640
157 176 6656
157 177 28800
157 178 6016
157 179 27008
157 180 19968
157 181 29056
157 182 25600
157 183 11136
157 184 16128
157 185 18432
157 186 2944
157 187 2176
157 188 27520
157 189 29184
157 190 12672
157 191 16256
157 192 11136
157 193 21376
157 194 19456
157 195 6528
157 196 23552
157 197 10624
157 198 26240
157 199 5376
157 200 896
158 158 -4422327
158 159 13694
158 160 7682
158 161 9352
158 162 4342
158 163 19706
158 164 26720
158 165 32565
158 166 4676
158 167 8350
158 168 27221
158 169 31229
158 170 40080
158 171 12525
158 172 18036
158 173 39412
158 174 3507
158 175 835
158 176 8684
158 177 37575
158 178 7849
158 179 35237
158 180 26052
158 181 37909
158 182 33400
158 183 14529
158 184 21042
158 185 24048
158 186 3841
158 187 2839
158 188 35905
158 189 38076
158 190 16533
158 191 21209
158 192 14529
158 193 27889
158 194 25384
158 195 8517
158 196 30728
158 197 13861
158 198 34235
158 199 7014
158 200 1169
159 159 -2178412
159 160 3772
159 161 4592
159 162 2132
159 163 9676
159 164 13120
159 165 15990
159 166 2296
159 167 4100
159 168 13366
159 169 15334
159 170 19680
159 171 6150
159 172 8856
159 173 19352
159 174 1722
159 175 410
159 176 4264
159 177 18450
159 178 3854
159 179 17302
159 180 12792
159 181 18614
159 182 16400
159 183 7134
159 184 10332
159 185 11808
159 186 1886
159 187 1394
159 188 17630
159 189 18696
159 190 8118
159 191 10414
159 192 7134
159 193 13694
159 194 12464
159 195 4182
159 196 15088
159 197 6806
159 198 16810
159 199 3444
159 200 574
160 160 -1223692
160 161 2576
160 162 1196
160 163 5428
160 164 7360
160 165 8970
160 166 1288
160 167 2300
160 168 7498
160 169 8602
160 170 11040
160 171 3450
160 172 4968
160 173 10856
160 174 966
160 175 230
160 176 2392
160 177 10350
160 178 2162
160 179 9706
160 180 7176
160 181 10442
160 182 9200
160 183 4002
160 184 5796
160 185 6624
160 186 1058
160 187 782
160 188 9890
160 189 10488
160 190 4554
160 191 5842
160 192 4002
160 193 7682
160 194 6992
160 195 2346
160 196 8464
160 197 3818
160 198 9430
160 199 1932
160 200 322
161 161 -1489152
161 162 1456
161 163 6608
161 164 8960
161 165 10920
161 166 1568
161 167 2800
161 168 9128
161 169 10472
161 170 13440
161 171 4200
161 172 6048
161 173 13216
161 174 1176
161 175 280
161 176 2912
161 177 12600
161 178 2632
161 179 11816
161 180 8736
161 181 12712
161 182 11200
161 183 4872
161 184 7056
161 185 8064
161 186 1288
161 187 952
161 188 12040
161 189 12768
161 190 5544
161 191 7112
161 192 4872
161 193 9352
161 194 8512
161 195 2856
161 196 10304
161 197 4648
161 198 11480
161 199 2352
161 200 392
162 162 -692172
162 163 3068
162 164 4160
162 165 5070
162 166 728
162 167 1300
162 168 4238
162 169 4862
162 170 6240
162 171 1950
162 172 2808
162 173 6136
162 174 546
162 175 130
162 176 1352
162 177 5850
162 178 1222
162 179 5486
162 180 4056
162 181 5902
162 182 5200
162 183 2262
162 184 3276
162 185 3744
162 186 598
162 187 442
162 188 5590
162 189 5928
162 190 2574
162 191 3302
162 192 2262
162 193 4342
162 194 3952
162 195 1326
162 196 4784
162 197 2158
162 198 5330
162 199 1092
162 200 182
163 163 -3130540
163 164 18880
163 165 23010
163 166 3304
163 167 5900
163 168 19234
163 169 22066
163 170 28320
163 171 8850
163 172 12744
163 173 27848
163 174 2478
163 175 590
163 176 6136
163 177 26550
163 178 5546
163 179 24898
163 180 18408
163 181 26786
163 182 23600
163 183 10266
163 184 14868
163 185 16992
163 186 2714
163 187 2006
163 188 25370
163 189 26904
163 190 11682
163 191 14986
163 192 10266
163 193 19706
163 194 17936
163 195 6018
163 196 21712
163 197 9794
163 198 24190
163 199 4956
163 200 826
164 164 -4238080
164 165 31200
164 166 4480
164 167 8000
164 168 26080
164 169 29920
164 170 38400
164 171 12000
164 172 17280
164 173 37760
164 174 3360
164 175 800
164 176 8320
164 177 36000
164 178 7520
164 179 33760
164 180 24960
164 181 36320
164 182 32000
164 183 13920
164 184 20160
164 185 23040
164 186 3680
164 187 2720
164 188 34400
164 189 36480
164 190 15840
164 191 20320
164 192 13920
164 193 26720
164 194 24320
164 195 8160
164 196 29440
164 197 13280
164 198 32800
164 199 6720
164 200 1120
165 165 -5158335
165 166 5460
165 167 9750
165 168 31785
165 169 36465
165 170 46800
165 171 14625
165 172 21060
165 173 46020
165 174 4095
165 175 975
165 176 10140
165 177 43875
165 178 9165
165 179 41145
165 180 30420
165 181 44265
165 182 39000
165 183 16965
165 184 24570
165 185 28080
165 186 4485
165 187 3315
165 188 41925
165 189 44460
165 190 19305
165 191 24765
165 192 16965
165 193 32565
165 194 29640
165 195 9945
165 196 35880
165 197 16185
165 198 39975
165 199 8190
165 200 1365
166 166 -745360
166 167 1400
166 168 4564
166 169 5236
166 170 6720
166 171 2100
166 172 3024
166 173 6608
166 174 588
166 175 140
166 176 1456
166 177 6300
166 178 1316
166 179 5908
166 180 4368
166 181 6356
166 182 5600
166 183 2436
166 184 3528
166 185 4032
166 186 644
166 187 476
166 188 6020
166 189 6384
166 190 2772
166 191 3556
166 192 2436
166 193 4676
166 194 4256
166 195 1428
166 196 5152
166 197 2324
166 198 5740
166 199 1176
166 200 196
167 167 -1329900
167 168 8150
167 169 9350
167 170 12000
167 171 3750
167 172 5400
167 173 11800
167 174 1050
167 175 250
167 176 2600
167 177 11250
167 178 2350
167 179 10550
167 180 7800
167 181 11350
167 182 10000
167 183 4350
167 184 6300
167 185 7200
167 186 1150
167 187 850
167 188 10750
167 189 11400
167 190 4950
167 191 6350
167 192 4350
167 193 8350
167 194 7600
167 195 2550
167 196 9200
167 197 4150
167 198 10250
167 199 2100
167 200 350
168 168 -4317055
168 169 30481
168 170 39120
168 171 12225
168 172 17604
168 173 38468
168 174 3423
168 175 815
168 176 8476
168 177 36675
168 178 7661
168 179 34393
168 180 25428
168 181 37001
168 182 32600
168 183 14181
168 184 20538
168 185 23472
168 186 3749
168 187 2771
168 188 35045
168 189 37164
168 190 16137
168 191 20701
168 192 14181
168 193 27221
168 194 24776
168 195 8313
168 196 29992
168 197 13529
168 198 33415
168 199 6846
168 200 1141
169 169 -4948207
169 170 44880
169 171 14025
169 172 20196
169 173 44132
169 174 3927
169 175 935
169 176 9724
169 177 42075
169 178 8789
169 179 39457
169 180 29172
169 181 42449
169 182 37400
169 183 16269
169 184 23562
169 185 26928
169 186 4301
169 187 3179
169 188 40205
169 189 42636
169 190 18513
169 191 23749
169 192 16269
169 193 31229
169 194 28424
169 195 9537
169 196 34408
169 197 15521
169 198 38335
169 199 7854
169 200 1309
170 170 -6337920
170 171 18000
170 172 25920
170 173 56640
170 174 5040
170 175 1200
170 176 12480
170 177 54000
170 178 11280
170 179 50640
170 180 37440
170 181 54480
170 182 48000
170 183 20880
170 184 30240
170 185 34560
170 186 5520
170 187 4080
170 188 51600
170 189 54720
170 190 23760
170 191 30480
170 192 20880
170 193 40080
170 194 36480
170 195 12240
170 196 44160
170 197 19920
170 198 49200
170 199 10080
170 200 1680
171 171 -1992975
171 172 8100
171 173 17700
171 174 1575
171 175 375
171 176 3900
171 177 16875
171 178 3525
171 179 15825
171 180 11700
171 181 17025
171 182 15000
171 183 6525
171 184 9450
171 185 10800
171 186 1725
171 187 1275
171 188 16125
171 189 17100
171 190 7425
171 191 9525
171 192 6525
171 193 12525
171 194 11400
171 195 3825
171 196 13800
171 197 6225
171 198 15375
171 199 3150
171 200 525
172 172 -2866320
172 173 25488
172 174 2268
172 175 540
172 176 5616
172 177 24300
172 178 5076
172 179 22788
172 180 16848
172 181 24516
172 182 21600
172 183 9396
172 184 13608
172 185 15552
172 186 2484
172 187 1836
172 188 23220
172 189 24624
172 190 10692
172 191 13716
172 192 9396
172 193 18036
172 194 16416
172 195 5508
172 196 19872
172 197 8964
172 198 22140
172 199 4536
172 200 756
173 173 -6233232
173 174 4956
173 175 1180
173 176 12272
173 177 53100
173 178 11092
173 179 49796
173 180 36816
173 181 53572
173 182 47200
173 183 20532
173 184 29736
173 185 33984
173 186 5428
173 187 4012
173 188 50740
173 189 53808
173 190 23364
173 191 29972
173 192 20532
173 193 39412
173 194 35872
173 195 12036
173 196 43424
173 197 19588
173 198 48380
173 199 9912
173 200 1652
174 174 -559167
174 175 105
174 176 1092
174 177 4725
174 178 987
174 179 4431
174 180 3276
174 181 4767
174 182 4200
174 183 1827
174 184 2646
174 185 3024
174 186 483
174 187 357
174 188 4515
174 189 4788
174 190 2079
174 191 2667
174 192 1827
174 193 3507
174 194 3192
174 195 1071
174 196 3864
174 197 1743
174 198 4305
174 199 882
174 200 147
175 175 -133215
175 176 260
175 177 1125
175 178 235
175 179 1055
175 180 780
175 181 1135
175 182 1000
175 183 435
175 184 630
175 185 720
175 186 115
175 187 85
175 188 1075
175 189 1140
175 190 495
175 191 635
175 192 435
175 193 835
175 194 760
175 195 255
175 196 920
175 197 415
175 198 1025
175 199 210
175 200 35
176 176 -1382992
176 177 11700
176 178 2444
176 179 10972
176 180 8112
176 181 11804
176 182 10400
176 183 4524
176 184 6552
176 185 7488
176 186 1196
176 187 884
176 188 11180
176 189 11856
176 190 5148
176 191 6604
176 192 4524
176 193 8684
176 194 7904
176 195 2652
176 196 9568
176 197 4316
176 198 10660
176 199 2184
176 200 364
177 177 -5945175
177 178 10575
177 179 47475
177 180 35100
177 181 51075
177 182 45000
177 183 19575
177 184 28350
177 185 32400
177 186 5175
177 187 3825
177 188 48375
177 189 51300
177 190 22275
177 191 28575
177 192 19575
177 193 37575
177 194 34200
177 195 11475
177 196 41400
177 197 18675
177 198 46125
177 199 9450
177 200 1575
178 178 -1250247
178 179 9917
178 180 7332
178 181 10669
178 182 9400
178 183 4089
178 184 5922
178 185 6768
178 186 1081
178 187 799
178 188 10105
178 189 10716
178 190 4653
178 191 5969
178 192 4089
178 193 7849
178 194 7144
178 195 2397
178 196 8648
178 197 3901
178 198 9635
178 199 1974
178 200 329
179 179 -5578207
179 180 32916
179 181 47897
179 182 42200
179 183 18357
179 184 26586
179 185 30384
179 186 4853
179 187 3587
179 188 45365
179 189 48108
179 190 20889
179 191 26797
179 192 18357
179 193 35237
179 194 32072
179 195 10761
179 196 38824
179 197 17513
179 198 43255
179 199 8862
179 200 1477
180 180 -4132752
180 181 35412
180 182 31200
180 183 13572
180 184 19656
180 185 22464
180 186 3588
180 187 2652
180 188 33540
180 189 35568
180 190 15444
180 191 19812
180 192 13572
180 193 26052
180 194 23712
180 195 7956
180 196 28704
180 197 12948
180 198 31980
180 199 6552
180 200 1092
181 181 -5997567
181 182 45400
181 183 19749
181 184 28602
181 185 32688
181 186 5221
181 187 3859
181 188 48805
181 189 51756
181 190 22473
181 191 28829
181 192 19749
181 193 37909
181 194 34504
181 195 11577
181 196 41768
181 197 18841
181 198 46535
181 199 9534
181 200 1589
182 182 -5289600
182 183 17400
182 184 25200
182 185 28800
182 186 4600
182 187 3400
182 188 43000
182 189 45600
182 190 19800
182 191 25400
182 192 17400
182 193 33400
182 194 30400
182 195 10200
182 196 36800
182 197 16600
182 198 41000
182 199 8400
182 200 1400
183 183 -2310807
183 184 10962
183 185 12528
183 186 2001
183 187 1479
183 188 18705
183 189 19836
183 190 8613
183 191 11049
183 192 7569
183 193 14529
183 194 13224
183 195 4437
183 196 16008
183 197 7221
183 198 17835
183 199 3654
183 200 609
184 184 -3341772
184 185 18144
184 186 2898
184 187 2142
184 188 27090
184 189 28728
184 190 12474
184 191 16002
184 192 10962
184 193 21042
184 194 19152
184 195 6426
184 196 23184
184 197 10458
184 198 25830
184 199 5292
184 200 882
185 185 -3816576
185 186 3312
185 187 2448
185 188 30960
185 189 32832
185 190 14256
185 191 18288
185 192 12528
185 193 24048
185 194 21888
185 195 7344
185 196 26496
185 197 11952
185 198 29520
185 199 6048
185 200 1008
186 186 -612375
186 187 391
186 188 4945
186 189 5244
186 190 2277
186 191 2921
186 192 2001
186 193 3841
186 194 3496
186 195 1173
186 196 4232
186 197 1909
186 198 4715
186 199 966
186 200 161
187 187 -452727
187 188 3655
187 189 3876
187 190 1683
187 191 2159
187 192 1479
187 193 2839
187 194 2584
187 195 867
187 196 3128
187 197 1411
187 198 3485
187 199 714
187 200 119
188 188 -5683095
188 189 49020
188 190 21285
188 191 27305
188 192 18705
188 193 35905
188 194 32680
188 195 10965
188 196 39560
188 197 17845
188 198 44075
188 199 9030
188 200 1505
189 189 -6023760
189 190 22572
189 191 28956
189 192 19836
189 193 38076
189 194 34656
189 195 11628
189 196 41952
189 197 18924
189 198 46740
189 199 9576
189 200 1596
190 190 -2628351
190 191 12573
190 192 8613
190 193 16533
190 194 15048
190 195 5049
190 196 18216
190 197 8217
190 198 20295
190 199 4158
190 200 693
191 191 -3368167
191 192 11049
191 193 21209
191 194 19304
191 195 6477
191 196 23368
191 197 10541
191 198 26035
191 199 5334
191 200 889
192 192 -2310807
192 193 14529
192 194 13224
192 195 4437
192 196 16008
192 197 7221
192 198 17835
192 199 3654
192 200 609
193 193 -4422327
193 194 25384
193 195 8517
193 196 30728
193 197 13861
193 198 34235
193 199 7014
193 200 1169
194 194 -4027392
194 195 7752
194 196 27968
194 197 12616
194 198 31160
194 199 6384
194 200 1064
195 195 -1356447
195 196 9384
195 197 4233
195 198 10455
195 199 2142
195 200 357
196 196 -4869376
196 197 15272
196 198 37720
196 199 7728
196 200 1288
197 197 -2204895
197 198 17015
197 199 3486
197 200 581
198 198 -5420815
198 199 8610
198 200 1435
199 199 -1117452
199 200 294
200 200 -186487
